Vendor,Award Count,Total Amount,Market Share Pct
CH2M HILL - CDM PA-TAC RECOVERY SERVICES,100,693117382.78,6.02
"PARKDALE ADVANCED MATERIALS, INC.",2,543407710.52,4.72
"FLUOR ENTERPRISES, INC.",60,422006836.65,3.67
"AMERICAN MEDICAL RESPONSE, INC.",36,377437190.32,3.28
WSP USA SERVICES INC.,35,349995936.06,3.04
"NISTAC E, LLC",56,321297814.20,2.79
"STARR II, A JOINT VENTURE",60,282718420.10,2.46
VANGUARD EMERGENCY MANAGEMENT HOUSING INSPECTION SERVICES,35,277538732.34,2.41
"COMPASS PTS JV, THE",56,272055626.78,2.36
"LEIDOS, INC.",6,269890125.01,2.34
INTERNATIONAL BUSINESS MACHINES CORPORATION,62,260048700.03,2.26
AECOM RECOVERY,34,229059284.06,1.99
BAE SYSTEMS TECHNOLOGY SOLUTIONS & SERVICES INC.,20,214810663.01,1.87
HANESBRANDS INC.,1,175000000.00,1.52
OST INC,2,162693622.18,1.41
RESILIENCE ACTION PARTNERS,1,148873735.01,1.29
GUIDEHOUSE DIGITAL LLC,1,148624034.45,1.29
SERCO INC,23,139652670.33,1.21
"APTIM FEDERAL SERVICES, LLC",11,131357524.67,1.14
BOOZ ALLEN HAMILTON INC,32,127457977.77,1.11
"MLU SERVICES, LLC",6,113164798.56,0.98
DELOITTE CONSULTING LLP,2,111825765.70,0.97
GENERAL DYNAMICS INFORMATION TECHNOLOGY INC.,1,97205551.40,0.84
"AIRBOSS DEFENSE GROUP, LLC",4,96489763.26,0.84
3M COMPANY,6,95542614.40,0.83
GIBBCO LLC,4,92456471.34,0.80
"SHAW ENVIRONMENTAL, INC.",3,90690241.73,0.79
KARSUN SOLUTIONS LLC,3,90266759.49,0.78
"CH2M FACILITY SUPPORT SERVICES, LLC",7,83956526.93,0.73
"TORRENT TECHNOLOGIES, INC.",6,79910407.40,0.69
THE RAND CORPORATION,11,77591385.29,0.67
"SO-PAK-CO, INC",19,74191792.61,0.64
EMERGENCY RESPONSE PROGRAM MANAGEMENT CONSULTANTS,14,69325080.98,0.60
"URS GROUP, INC.",107,66318655.16,0.58
CMH MANUFACTURING INC,4,65669503.16,0.57
GOVERNMENT ACQUISITIONS INC,99,61724237.99,0.54
"OBSIDIAN ANALYSIS, LLC",31,60468559.67,0.53
DEWBERRY ENGINEERS INC.,48,57077479.31,0.50
"CABEZON GROUP, INC",2,54454467.58,0.47
"HME, INC.",2,54126316.31,0.47
H2O PARTNERS INC,2,51350612.01,0.45
"CHRISTMAN COMPANY, THE",2,50574129.90,0.44
"ICF INCORPORATED, L.L.C.",3,49549586.02,0.43
"RISK ASSESSMENT, MAPPING, AND PLANNING PARTNERS (RAMP-P)",9,48408838.57,0.42
INTUITIVE INFORMATION SYSTEMS TECHNOLOGIES LLC,11,48262441.92,0.42
"CROWLEY LOGISTICS, INC.",3,47000205.84,0.41
VANGUARD INSPECTION SERVICES,10,46934393.59,0.41
"IEM INTERNATIONAL, INC.",75,46669141.86,0.41
CDM FEDERAL PROGRAMS CORPORATION,48,45251418.38,0.39
ATT MOBILITY LLC,553,44316392.22,0.38
"HW CONSULTING, INCORPORATED",8,44077181.19,0.38
MEDEA INC,1,43681249.30,0.38
"ACTIVE DEPLOYMENT SYSTEMS, LLC",1,43099096.28,0.37
RJCL CORPORATION,4,43008937.67,0.37
STANDARD TEXTILE CO INC,1,41940000.00,0.36
"MANHATTAN ASSOCIATES, INC.",1,41269719.44,0.36
ESTES EXPRESS LINES,7,41188935.45,0.36
"MACRO COMPANIES, INC.",1,38511732.12,0.33
GSH OF ALABAMA LLC,4,38396675.88,0.33
DELL FEDERAL SYSTEMS L.P,10,37667913.13,0.33
AMBIT GROUP LLC,1,37103589.99,0.32
GUIDEHOUSE LLP,27,35591226.03,0.31
"BLUEPRINT CONSULTING SERVICES, LLC",10,35158007.52,0.31
"POTOMACWAVE, INC.",19,34904444.44,0.30
ALABAMA DEPARTMENT OF REHABILITATION SERVICES,2,34685007.85,0.30
STARR,7,34677752.27,0.30
"CACI NSS, LLC",4,34587136.13,0.30
JOHNSON CONTROLS SECURITY SOLUTIONS LLC,5,34523415.25,0.30
"GARUD TECHNOLOGY SERVICES, INC.",17,34200325.80,0.30
NATIONAL FLOOD SERVICES LLC,2,34020226.26,0.30
"RANGER AMERICAN OF PUERTO RICO, LLC",2,33741477.82,0.29
"COMPOSITE ANALYSIS GROUP, INC.",18,33266779.86,0.29
NATIONWIDE INFRASTRUCTURE SUPPORT TECHNICAL ASSISTANCE CONSULTANTS D,11,32885978.58,0.29
"APPLIED COMPUTING TECHNOLOGIES, INC.",2,32842553.73,0.29
W S DARLEY & CO,3,32629514.59,0.28
GUIDEHOUSE INC.,6,32010765.19,0.28
"NORTH WIND RESOURCE PARTNERS JV, LLC",1,31840411.91,0.28
TRILLION TECHNOLOGY SOLUTIONS INC,9,31579628.69,0.27
"DIGITAL SYSTEMS GROUP, INC",10,31300675.88,0.27
"BAKERAECOM, LLC",6,31159022.87,0.27
"GUY CARPENTER & COMPANY, LLC",6,30517595.94,0.27
"TIMBERLINE CONSTRUCTION GROUP, LLC",3,30218439.39,0.26
MULTIQUIP INC.,4,29963358.55,0.26
"CACI-ISS, LLC",10,28701411.37,0.25
INSTITUTE FOR BUILDING TECHNOLOGY AND SAFETY,48,28246633.64,0.25
APPRIO INC,3,27424751.31,0.24
MILLIKEN & COMPANY,1,27375768.00,0.24
TGB3 ENTERPRISES LLC,1,26925816.95,0.23
GLOBAL TECH INC.,3,26860497.91,0.23
RED TAIL LOGISTICS LLC,19,26126389.81,0.23
"THOMAS SCIENTIFIC, LLC",3,25813604.11,0.22
"INGLETT & STUBBS INTERNATIONAL, LLC",2,25731094.25,0.22
"LONGHORN VACCINES AND DIAGNOSTICS, LLC",1,25011049.55,0.22
CARAHSOFT TECHNOLOGY CORP,10,24738540.38,0.21
"PISTOL POINT, LLC",1,22994208.30,0.20
JMB WHOLESALE LLC,2,22907364.29,0.20
"DISASTER SOLUTIONS ALLIANCE, LLC",7,21557345.26,0.19
"APSI-CENTERRA JV, LLC",1,20941508.05,0.18
FORS MARSH GROUP LLC,2,20802213.54,0.18
SCIENCE APPLICATIONS INTERNATIONAL CORPORATION,2,20763739.27,0.18
BURLINGTON INDUSTRIES LLC,1,20635996.50,0.18
"COTTON COMMERCIAL USA, INC.",4,20372737.19,0.18
"ARDENT MANAGEMENT CONSULTING, LLC",6,20037617.20,0.17
OMNI CORPORATION,1,19591948.59,0.17
"ENTERPRISE RESOURCE PLANNED SYSTEMS INTERNATIONAL, LLC",1,19505848.28,0.17
"CORPORATE LODGING CONSULTANTS, INC.",2,19481384.56,0.17
"YES& FEDERAL, LLC",1,18941422.01,0.16
AMERIQUAL GROUP LLC,3,18908604.77,0.16
"ATCS, INC.",22,18753820.33,0.16
"CORELOGIC SOLUTIONS, LLC",77,18003972.70,0.16
"CMI MANAGEMENT, LLC",1,17996189.94,0.16
ASSET GROUP INC,20,17663251.05,0.15
ALABAMA POWER COMPANY,2,17442636.60,0.15
"UNIFIRE, INC.",1,17243600.00,0.15
MIRACLE SYSTEMS LLC,6,17008080.25,0.15
"INTELLECTUS, LLC",9,16793368.53,0.15
ORSA TECHNOLOGIES LLC,1,16480000.00,0.14
MAG DS CORP,11,16451669.11,0.14
VERIZON FEDERAL INC.,131,16028224.02,0.14
MEGAWATTAGE LLC,3,15900778.47,0.14
"TET CONSULTING & BUSINESS MANAGEMENT SERVICES, LLC",2,15880085.87,0.14
"DLT SOLUTIONS, LLC",9,15766305.07,0.14
"NORTH WIND RESOURCE CONSULTING, LLC",1,15766093.60,0.14
WELLNESS COACHES USA LLC,3,15420110.00,0.13
GWWH A JOINT VENTURE,1,15358552.32,0.13
"AECOM TECHNICAL SERVICES, INC.",2,15264978.04,0.13
MOSSWOOD PROPERTY DEVELOPMENT LLC,1,14841705.20,0.13
"LANGUAGE LINE, LLC",3,14839827.05,0.13
"CENTERRA GROUP, LLC",1,14729583.54,0.13
AMERICAN EAGLE PROTECTIVE SERVICES CORP,3,14715560.98,0.13
VETERAN TECHNOLOGY PARTNERS II LLC,39,14422583.73,0.13
"ANDRIES AND ASSOCIATES, LLC",3,14403784.45,0.13
CAMBRIDGE INTERNATIONAL SYSTEMS INC.,1,14394692.55,0.13
"LANTZ CONSTRUCTION CO. OF WINCHESTER, INC.",1,14057774.37,0.12
TOTAL SOLUTIONS INC,1,14030507.65,0.12
"WASHINGTON BUSINESS DYNAMICS, LLC",2,13828689.82,0.12
"LUMEN TECHNOLOGIES GOVERNMENT SOLUTIONS, INC.",107,13756274.67,0.12
MILLIMAN INCORPORATED,1,13491602.97,0.12
FLUOR CORPORATION,5,13434279.02,0.12
IDEATION INC,33,13246265.26,0.12
DEWBERRY CONSULTANTS LLC,17,13210676.86,0.11
RITENET CORP.,1,13045905.71,0.11
FLUOR FEDERAL SERVICES INC,1,12991275.02,0.11
STRATEGIC RESOLUTION EXPERTS INC,18,12926206.60,0.11
OPTICAL TECHNOLOGIES INC.,1,12875000.00,0.11
AMAZON SERVICES LLC,1,12714794.00,0.11
"ASRC FEDERAL PROFESSIONAL SERVICES, LLC",5,12701803.20,0.11
"WINDSTORM MITIGATION, INC.",2,12556052.69,0.11
"JTG, INC.",13,12174712.37,0.11
"NTT DATA SERVICES FEDERAL GOVERNMENT, LLC",1,12070804.30,0.10
WESTWIND TEAM LLP,11,12058105.67,0.10
NEW LIGHT TECHNOLOGIES INC,4,11512548.46,0.10
"MILLIMAN, INC",1,11430471.00,0.10
CHEVO CONSULTING LLC,3,11416085.49,0.10
"PHALANX GROUP INTERNATIONAL, LLC",1,11357500.00,0.10
"GENERAL DYNAMICS INFORMATION TECHNOLOGY, INC.",2,11335552.39,0.10
CELLCO PARTNERSHIP,378,11182937.41,0.10
ARC ASPICIO LLC,4,11129653.86,0.10
THE NET.AMERICA CORPORATION,2,10833929.97,0.09
BLUE TECH INC.,70,10704139.28,0.09
LR4G JV,1,10669596.57,0.09
"ESTARS ENTERPRISE, LLC",3,10568277.82,0.09
"SHENANDOAH FLEET MAINTENANCE AND MANAGEMENT, LLC",2,10559311.70,0.09
FILLAKIT LLC,2,10502997.50,0.09
REMEL INC.,2,10443975.55,0.09
THE CNA CORPORATION,3,10383563.81,0.09
SALIENSE CONSULTING LLC,4,10299803.83,0.09
"HDR ENVIRONMENTAL, OPERATIONS AND CONSTRUCTION, INC.",2,10298091.63,0.09
PERATON ENTERPRISE SOLUTIONS LLC,10,10152252.52,0.09
RED RIVER TECHNOLOGY LLC,2,10127987.71,0.09
"GALVAN AND ASSOCIATES, LLC",3,10000621.06,0.09
MICROSOFT CORPORATION,5,9930011.03,0.09
"CONSTELLATION SOFTWARE ENGINEERING, LLC",1,9890489.64,0.09
RAPID DEPLOYMENT INC,2,9804952.12,0.09
AGMA SECURITY SERVICE INC,5,9774497.42,0.08
IRONCLAD TECHNOLOGY SERVICES LLC,1,9754179.34,0.08
"S M RESOURCES CORPORATION, INC.",1,9752765.54,0.08
"INTELLECT SOLUTIONS, LLC",4,9687464.83,0.08
SHR CONSULTING GROUP LLC,3,9587717.43,0.08
"DIGITAL MINDTRUST, LLC",1,9550939.02,0.08
PRESTIGE AMERITECH LTD,1,9480000.00,0.08
THE MITRE CORPORATION,7,9360067.08,0.08
CREDENCE MANAGEMENT SOLUTIONS LIMITED LIABILITY COMPANY,2,9257768.28,0.08
KONIAG INFORMATION SECURITY SERVICES LLC,2,9040374.28,0.08
"IDENTITY THEFT GUARD SOLUTIONS, INC.",1,8896469.10,0.08
HARDWIRE LLC,1,8818000.00,0.08
"CHENEGA APPLIED SOLUTIONS, LLC",5,8739269.25,0.08
"GLOBAL ENTERPRISE SOLUTIONS, INC.",1,8654063.69,0.08
THE JOHNS HOPKINS UNIVERSITY APPLIED PHYSICS LABORATORY LLC,1,8414937.02,0.07
TECHNOGLOBE LLC,2,8262089.57,0.07
"MOLNLYCKE HEALTH CARE US, LLC",1,7924000.00,0.07
"BLUEWATER TECHNOLOGY SOLUTIONS, LLC",1,7916467.55,0.07
GENERAL AIR PRODUCTS INC,3,7648206.00,0.07
"PACARCTIC, LLC",2,7541373.63,0.07
"DAD'S CAMPER OUTLET, LLC",11,7524104.00,0.07
BLUE CONSTRUCTION SERVICES LLC,8,7338039.98,0.06
ESI ACQUISITION INC,3,7319922.06,0.06
DEPLOYED RESOURCES LLC,1,7178844.06,0.06
TRUE EXCELLENCE GROUP LLC,5,7146296.31,0.06
AIR WORLDWIDE CORPORATION,3,7107390.00,0.06
EMPIRE HOSPITALITY LLC,48,7087809.85,0.06
MPACT STRATEGIC CONSULTING LLC,2,7076282.75,0.06
"NOMAD GLOBAL COMMUNICATION SOLUTIONS, INCORPORATED",2,7000043.00,0.06
"R3 GOVERNMENT SOLUTIONS, LLC",17,6971689.42,0.06
"LEXINGTON HOMES, INC",1,6762031.50,0.06
"BLUEWATER FEDERAL SOLUTIONS, INC.",2,6753934.30,0.06
FAIRFIELD CHAIR COMPANY,1,6720000.00,0.06
CHENEGA DECISION SCIENCES LLC,1,6716521.07,0.06
"MCKINSEY & COMPANY, INC. WASHINGTON D.C.",3,6613129.72,0.06
GEMINI TECH SERVICES LLC,1,6602396.52,0.06
"EMERGENT, LLC",4,6590668.07,0.06
"CROWLEY GOVERNMENT SERVICES, INC.",8,6585552.40,0.06
"MASON HARRIMAN GROUP, INC.",1,6490040.10,0.06
LOGISTICS SYSTEMS INCORPORATED,1,6474374.08,0.06
THE ADVERTISING COUNCIL INC,2,6452684.06,0.06
"GLOBAL CENTER FOR MEDICAL INNOVATION, INC",1,6350341.48,0.06
"TRAVELCAMP, LLC",5,6253831.50,0.05
SPIRE ALABAMA INC,2,6160373.35,0.05
"SCHATZ PUBLISHING GROUP, LLC",2,6097473.07,0.05
READY AMERICA INC,3,6092303.03,0.05
CONCURRENT TECHNOLOGIES CORP,2,6083491.54,0.05
S C & A INC,2,5988623.02,0.05
"BUILDING INSPECTION SERVICE, INC",2,5838894.99,0.05
NATIONAL ACADEMY OF SCIENCES,5,5836592.74,0.05
MANTA GROUP LLC,1,5801898.95,0.05
REX & SONS RV'S INC,6,5769482.00,0.05
THE PROCTER & GAMBLE DISTRIBUTING LLC,1,5753088.00,0.05
"AMENTUM TECHNOLOGY, INC.",3,5725720.60,0.05
"ACCLARO RESEARCH SOLUTIONS, INC.",6,5664644.22,0.05
CSRA LLC,1,5637685.78,0.05
"CH2M HILL CONSTRUCTORS, INC.",1,5530674.95,0.05
SAWDEY SOLUTION SERVICES INC,1,5490466.09,0.05
"DIGITAL FORENSIC SERVICES, LLC",2,5461616.11,0.05
"GAVER TECHNOLOGIES, INC.",1,5416618.83,0.05
INNOVATIVE SOLUTIONS LLC,1,5375953.66,0.05
"CALIQUE MANAGEMENT SOLUTIONS, INCORPORATED",2,5354445.74,0.05
"CHEF MINUTE MEALS, INC.",3,5261151.16,0.05
"FS PARTNERS, LLP",62,5257019.60,0.05
AON RE INC,3,5234954.96,0.05
"SD BIOSENSOR, INC.",1,5184000.00,0.05
AKIRA TECHNOLOGIES INC.,9,5152436.86,0.04
INTERNATIONAL SERVICE CONTRACTORS LLC,3,5139238.13,0.04
"INSIGHT TECHNOLOGY SOLUTIONS, LLC",1,5059188.89,0.04
"COSTAS GROUP, INC., THE",5,4923648.11,0.04
UNITED PARCEL SERVICE CO.,140,4867720.16,0.04
PARTNER FORCES LLC,1,4853137.70,0.04
"RAVEN ENGINEERED FILMS, INC.",1,4800000.00,0.04
"CALIFORNIA SECURITY SERVICES, INC.",1,4796144.32,0.04
ENGILITY CORPORATION,1,4738755.17,0.04
"PYRAMID SYSTEMS, INC.",1,4709417.29,0.04
"OPTIMUS TECHNOLOGIES, LLC",2,4684333.16,0.04
OCT CONSULTING LLC,2,4681323.46,0.04
SEVENTH SENSE CONSULTING LLC,5,4620008.06,0.04
"L3 TECHNOLOGIES, INC.",5,4613291.00,0.04
MANAGEMENT & TECHNICAL SERVICES ALLIANCE JOINT VENTURE,1,4591007.59,0.04
"DUN & BRADSTREET, INC",4,4555433.48,0.04
"DPALEX, INC.",2,4519293.78,0.04
"MONSTER GOVERNMENT SOLUTIONS, LLC",1,4456063.49,0.04
ALLIANCE WORLDWIDE DISTRIBUTING LLC,2,4416815.62,0.04
"CSI AVIATION, INC",6,4348659.59,0.04
CADMUS CONCOURSE JV LLC,1,4329663.89,0.04
2M RESEARCH SERVICES LLC,1,4318800.87,0.04
RIVERTECH LLC,1,4277169.13,0.04
"AEEC, LLC",2,4272509.30,0.04
"ARROWHEAD REALTY, LLC",21,4209084.16,0.04
"MOTOROLA SOLUTIONS, INC.",5,4185743.51,0.04
DEXTERA CORP,2,4118036.64,0.04
"THE GORDIAN GROUP, INC.",2,4108693.06,0.04
"FEDERAL PRISON INDUSTRIES, INC",3,4082081.70,0.04
"TETRA TECH, INC.",2,4070157.58,0.04
"GRYPHON SCIENTIFIC, LLC",2,4048968.15,0.04
ALPHA OMEGA INTEGRATION LLC,2,4027659.09,0.03
"NIYAMIT, INC.",1,4013896.97,0.03
METAPHASE CONSULTING LLC,1,3999559.95,0.03
NATIVE ENERGY & TECHNOLOGY INC,2,3963307.49,0.03
"APPLICA SOLUTIONS, INC.",1,3926226.41,0.03
"OSIRIUS GROUP, LLC",1,3920000.00,0.03
"NCC PS ENTERPRISES, LLC",4,3844270.74,0.03
KONIAG MANAGEMENT SOLUTIONS LLC,1,3839165.15,0.03
USMAX CORPORATION,2,3808589.26,0.03
"MONTAGE MARKETING GROUP, LLC",1,3787879.80,0.03
NATIONAL INSTITUTE OF BUILDING SCIENCES,3,3776327.59,0.03
STRATEGIC SECURITY CORP.,2,3768026.23,0.03
AXXUM TECHNOLOGIES LLC,6,3719345.17,0.03
RV RETAILER EAST LLC,5,3715844.31,0.03
PROFESSIONALS HIR LLC,9,3699355.15,0.03
LOGZONE INC,1,3680599.14,0.03
THE NATIONAL FALLEN FIREFIGHTERS FOUNDATION,3,3679967.45,0.03
RICOH USA INC,40,3673605.57,0.03
"PANHANDLE RV, INC.",2,3667268.00,0.03
GEMINI BIOPRODUCTS LLC,1,3659999.83,0.03
"CORPORATE CRIME CONTROL PROTECTIVE SERVICES, INC.",1,3648995.63,0.03
AECOM MITIGATION SERVICES,7,3625130.28,0.03
INTELLIPEAK SOLUTIONS INC,1,3615708.36,0.03
"C2G, LTD CO.",2,3615658.36,0.03
"TCS INTERPRETING, INC.",27,3601775.67,0.03
"ES SQUARED, LLC",6,3591893.61,0.03
KNIGHT SKY LLC,11,3485234.43,0.03
"UPS SUPPLY CHAIN SOLUTIONS, INC.",1,3478913.70,0.03
ALEXTON INCORPORATED,1,3454230.04,0.03
"PG PUBLIC SERVICES, LLC",2,3450507.43,0.03
"GOVPLACE, LLC",47,3446907.85,0.03
"CACI, INC. - FEDERAL",1,3398907.69,0.03
"LAWRENCE MOBILE HOME SERVICE, INC.",3,3366108.22,0.03
"FREEDOMROADS HOLDING COMPANY, LLC",1,3341555.00,0.03
SGC2 JOINT VENTURE LLC,1,3310706.30,0.03
APPLIED TECHNOLOGY COUNCIL,1,3298313.00,0.03
"SAVAN NSG ALLIANCE, LLC",1,3288290.70,0.03
"IMBUE TECHNOLOGY SOLUTIONS, INC.",1,3259354.09,0.03
PARTNERSHIP FOR TEMPORARY HOUSING LLC,3,3252916.58,0.03
"BECTON, DICKINSON AND COMPANY",4,3252657.75,0.03
SENSIS INC.,1,3248824.83,0.03
YTS GLOBAL INC,1,3240000.00,0.03
"AJINOMOTO ALTHEA, INC.",1,3233895.55,0.03
DIXIE-DEFUNIAK LLC,1,3225026.00,0.03
"STRATERA TECHNOLOGIES, INC",1,3220499.78,0.03
TRANSPORTATION MANAGEMENT SERVICES INC,11,3162438.74,0.03
"FAVOR TECHCONSULTING, LLC",1,3137801.56,0.03
"INMARSAT GOVERNMENT, INC.",61,3129641.80,0.03
FALKEN USVI LLC,1,3092206.16,0.03
"EAGLE HILL CONSULTING, LLC",7,3033930.69,0.03
"FLATTER, INC",1,3014637.60,0.03
"OSANG HEALTHCARE CO., LTD.",1,3000000.00,0.03
"RCG OF NORTH CAROLINA, LLC",8,2991601.34,0.03
"SANDS CONSULTING GROUP, INC.",1,2985903.76,0.03
ENVIRONMENTAL APPLIED TECHNOLOGY CORPORATION,1,2976565.62,0.03
CHARTER COACH INC,1,2971081.18,0.03
APPEREON BUSINESS SOLUTIONS INC,1,2955614.81,0.03
OSC SOLUTIONS INC,3,2940532.00,0.03
ACTION FACILITIES MANAGEMENT INC,2,2917218.26,0.03
AFC DEVELOPMENT INC,2,2870955.84,0.02
"JOHNSON CONTROLS, INC",1,2847184.55,0.02
SAVVEE INC.,3,2818402.18,0.02
"CHUGACH TRAINING AND EDUCATIONAL SOLUTIONS, LLC",1,2817240.38,0.02
HII MISSION DRIVEN INNOVATIVE GOVERNMENT SOLUTIONS INC.,1,2815150.55,0.02
"FCN, INC.",20,2802080.11,0.02
"PRAIRIE QUEST, INC.",1,2790602.40,0.02
SECURE OUR SCHOOLS LLC,1,2790000.00,0.02
"ATLANTIC BEVERAGE COMPANY, LLC",1,2759982.50,0.02
CONSTELLATION INC,2,2744892.66,0.02
"PANAMERICA COMPUTERS, INC.",9,2690923.52,0.02
"APPLIED TRAINING SOLUTIONS, LLC",1,2684593.89,0.02
"GLOBAL ENTERPRISE, INC",2,2658699.00,0.02
"GREINER BIO-ONE NORTH AMERICA, INC",2,2651873.51,0.02
SPRINT COMMUNICATIONS CO LP,4,2645182.34,0.02
"DSJS MANAGEMENT, LLC",3,2609206.00,0.02
"CHAKRABARTI MANAGEMENT CONSULTANCY, INC.",1,2548938.84,0.02
"HHI SERVICES, INC.",2,2519953.74,0.02
HUGHES NETWORK SYSTEMS LLC,21,2493584.66,0.02
MONITOR ASSOCIATES INC,1,2476101.05,0.02
KATRISK LLC,1,2460781.00,0.02
EZTEQ LLC,1,2380588.00,0.02
"NEXT GENERATION LOGISTICS, LLC",1,2379772.50,0.02
FEDERAL CONTRACTS LLC,8,2369258.79,0.02
"ENTERGY LOUISIANA, LLC",9,2342121.63,0.02
"JS SDVO, LLC",1,2323424.00,0.02
ARINC INCORPORATED,2,2318693.42,0.02
NI GOVERNMENT SERVICES INC,1,2299900.75,0.02
REDCON SOLUTIONS GROUP LLC,5,2281626.56,0.02
PRODUCTIV INC,5,2273058.00,0.02
SOFTEK SERVICES INC,5,2271333.58,0.02
CHARM SCIENCES INC,2,2270800.00,0.02
"CARLTON FIELDS, P.A.",2,2253694.48,0.02
ISEC7 GOVERNMENT SERVICES INC,2,2243520.00,0.02
"E-PAGA, INC.",16,2237504.73,0.02
"CRAVATH, SWAINE & MOORE LLP",1,2229762.69,0.02
RANGER AMERICAN OF V I INC,2,2209047.60,0.02
COCONUT PROPERTIES LLC,1,2191458.35,0.02
LONG WAVE INC.,2,2177940.60,0.02
"THE OBSCIDION GROUP, LLC",1,2175160.00,0.02
MEETINGRESULT LLC,1,2170740.09,0.02
BAYOU OUTDOOR SUPERCENTER LLC,7,2158974.00,0.02
OWL INC,1,2128000.00,0.02
"P & G SECURITY GUARD, INC",1,2123241.30,0.02
OCTAGON INDUSTRIES INC,1,2102150.00,0.02
"SEV1TECH, LLC",1,2101433.70,0.02
"TEMPORARY DISASTER SHELTERS, INC.",2,2086102.31,0.02
"FEDERAL MANAGEMENT PARTNERS, LLC",1,2061250.07,0.02
"HALFAKER AND ASSOCIATES, LLC",1,2053366.97,0.02
"MUTUALINK, INC.",7,2047584.20,0.02
"HARKCON, INC.",1,2040956.07,0.02
PURITAN MEDICAL PRODUCTS COMPANY I LP,4,2007698.13,0.02
"GLOBAL BUSINESS & TECHNOLOGY SOLUTIONS, LLC",4,2005640.98,0.02
"U.S. FEDERAL SOLUTIONS, INC.",1,1989923.40,0.02
XEROX CORPORATION,19,1962478.94,0.02
"ASI GOVERNMENT, LLC",2,1946348.31,0.02
MERIDIAN GLOBAL CONSULTING LLC,1,1895834.65,0.02
"CORESPHERE, LLC",1,1895287.48,0.02
KIAN INTERNATIONAL INC,5,1889539.81,0.02
TUBE ENTERPRISES INCORPORATED,3,1873571.46,0.02
WORLDWIDE EQUIPMENT INC,2,1863291.70,0.02
IGNYTE GROUP INC,1,1844218.18,0.02
EBS SECURITY INC.,1,1809915.87,0.02
"AAA FACILITY SERVICES, INC.",1,1804338.58,0.02
"LEO'S PARK, LLC",1,1792864.36,0.02
"AMENTUM SERVICES, INC.",2,1780873.48,0.02
ALUTIIQ COMMERCIAL ENTERPRISES LLC,1,1773884.97,0.02
FULGENT THERAPEUTICS LLC,1,1728891.42,0.02
"METROSTAR SYSTEMS, LLC",1,1700937.66,0.01
ANTARES GROUP INCORPORATED,3,1692905.51,0.01
"EDGE TECHNOLOGY DISTRIBUTORS, INC.",6,1672165.63,0.01
PAW PAWS CAMPER CITY INC,3,1672007.00,0.01
"SIERRA7, INC.",3,1656657.70,0.01
"CHANGEIS, INC.",2,1649355.24,0.01
POTOMAC ELECTRIC POWER CO,1,1648536.27,0.01
MC DODD CONSTRUCTION LLC,5,1644790.28,0.01
"VISTRA COMMUNICATIONS, LLC",1,1626562.50,0.01
LEXISNEXIS SPECIAL SERVICES INC,26,1623934.75,0.01
BRAXTON-GRANT TECHNOLOGIES INC,1,1603700.18,0.01
THE UNIVERSITY OF MISSISSIPPI,2,1576224.78,0.01
"IMPRES TECHNOLOGY SOLUTIONS, INC",9,1574166.07,0.01
J. B. HUNT TRANSPORT INC,2,1551507.72,0.01
"THE WATER WORKS AND SEWER BOARD OF THE CITY OF ANNISTON, ALABAMA",1,1516998.57,0.01
"INTERNATIONAL RESPONDER SYSTEMS, LLC",1,1512766.46,0.01
THE POTOMAC EDISON CO,4,1497604.30,0.01
CMH HOMES INC,2,1493579.00,0.01
STRZELECKI ENTERPRISES INC,2,1481681.00,0.01
STIER'S RV CENTERS LLC,2,1441229.40,0.01
"XACT WAREHOUSE SOLUTIONS, LLC",2,1425985.56,0.01
COMMUNITRONICS CORP.,1,1406140.67,0.01
SYOTOS LLC,1,1405984.80,0.01
"270NET TECHNOLOGIES, INC",2,1383555.42,0.01
TEXAS A&M ENGINEERING EXTENSION SERVICE,18,1347273.78,0.01
"SNAP, INC",28,1333688.46,0.01
"INNER-PARISH SECURITY, CORP",1,1321162.50,0.01
"ENVIRONMENTAL SYSTEMS RESEARCH INSTITUTE, INC.",6,1318831.53,0.01
"NORTHWIND ENGINEERING, LLC",2,1314453.56,0.01
CGI FEDERAL INC.,3,1305055.09,0.01
HEWLETT PACKARD ENTERPRISE COMPANY,7,1302085.38,0.01
FUELLS INC,2,1299391.54,0.01
"THUNDERCAT TECHNOLOGY, LLC",5,1293860.36,0.01
"SUPPLY KING USA, LLC",4,1292200.00,0.01
"ALLISON PAYMENT SYSTEMS, LLC",5,1292021.14,0.01
"GRAND GROUND ENTERPRISE, LLC",3,1284980.80,0.01
"NODI SOLUTIONS, LLC",6,1280093.00,0.01
"AMERICAN CUSTOM PRIVATE SECURITY, INC.",2,1278673.09,0.01
"STONE, CHARLES S",3,1273582.00,0.01
SUMERSETT CONSTRUCTION INC.,1,1270184.25,0.01
"TECOLOTE RESEARCH, INC.",1,1268103.57,0.01
SIOUX MERCHANT PATROL INC,3,1261296.52,0.01
"BANKSTON MOTOR HOMES, INC",4,1254206.00,0.01
HOTEL MELIA INC,6,1243597.35,0.01
STERIPACK USA LIMITED LLC,1,1239000.00,0.01
"ARAMARK SPORTS AND ENTERTAINMENT GROUP, LLC",1,1226392.00,0.01
"NEW BUSINESS APPLICATION SYSTEMS, LLC",1,1221744.00,0.01
A G GASTON CONSTRUCTION CO INC,2,1215372.15,0.01
PERATON INC.,2,1206032.07,0.01
NTHMC AVF DESIGN LLC,1,1200200.00,0.01
"DEAF ACCESS SOLUTIONS, INC",26,1184315.51,0.01
"M.A.S.S. SERVICES, INC.",1,1174531.56,0.01
"MAXIMUS FEDERAL SERVICES, INC.",1,1155236.44,0.01
"AC BUSINESS SOLUTIONS, INC.",2,1140666.65,0.01
"A BUDGET SOLUTIONS, INC.",1,1137106.05,0.01
"MLU SERVICES, INC.",1,1135269.14,0.01
"JDR UNLIMITED, LLC",1,1134026.53,0.01
"1 -800-AGENTMATCH.COM, LLC",23,1131032.62,0.01
"HONG YE RENTAL & CONSTRUCTION, LTD.",10,1128138.09,0.01
RELX INC.,17,1122517.83,0.01
"MOTOROLA SOLUTIONS CONNECTIVITY, INC.",1,1120016.00,0.01
TURLOCK RV CENTER INC,3,1119790.00,0.01
SEACOR ISLAND LINES LLC,1,1105000.00,0.01
RELIABLE SALES & SERVICES LLC,1,1100100.00,0.01
PUERTO RICO DRILLING & SUPPLYS INC,3,1097982.27,0.01
"ADAPTIVE INDUSTRIAL SERVICES, LLC",5,1093373.84,0.01
BLINK SUPPLIES INC,1,1092510.00,0.01
"PPT SOLUTIONS, INC.",1,1088153.07,0.01
WS ACQUISITION LLC,3,1083905.49,0.01
TRANSPERFECT TRANSLATIONS INTERNATIONAL INC,7,1052995.28,0.01
"NEW TECH SOLUTIONS, INC.",16,1048521.07,0.01
ACADIAN AMBULANCE SERVICE INC,2,1041038.70,0.01
"LEGAL INTERPRETING SERVICES, INC.",17,1033020.55,0.01
"RAPPAHANNOCK GOODWILL INDUSTRIES, INC.",2,1022759.43,0.01
"WILDFLOWER INTERNATIONAL, LTD.",5,1022170.54,0.01
TURNING POINT GLOBAL SOLUTIONS LLC,2,1006806.34,0.01
IMMIXTECHNOLOGY INC,2,1005756.00,0.01
MILLERKNOLL INC,11,1002680.56,0.01
RMSG CORPORATION,1,999152.16,0.01
"ELITE BUSINESS STRATEGIES, LLC",2,998814.80,0.01
"CRESSTON CO, L.L.C. THE",17,996024.41,0.01
"MSA SAFETY SALES, LLC",1,994789.78,0.01
"EVOLUTION MANAGEMENT, INC.",1,994537.70,0.01
CRUSELDA ROBERTS,25,992754.19,0.01
UNIVERSITY OF NORTH CAROLINA AT CHAPEL HILL,1,990410.70,0.01
"WILMINGTON RECREATION VEHICLE SUPPLY, INC.",1,984955.00,0.01
"ESCGOV, INC.",4,964993.54,0.01
SOLUTION GUIDANCE CORPORATION,6,962216.09,0.01
CORNER ALLIANCE INCORPORATED,2,948469.97,0.01
BLOOMSBURIE LLC,3,945792.58,0.01
RAYMOND ASSOCIATES LLC,1,945000.00,0.01
"ROCKWELL COLLINS, INC.",5,942177.00,0.01
CIVEO USA LLC,2,940921.87,0.01
JONES AND GUERRERO COMPANY INC,1,932201.50,0.01
"DATA FACTS, INC.",4,926338.24,0.01
COAST TRANSFER CO INC,2,922350.00,0.01
ECONOMIC SYSTEMS INC,3,916970.55,0.01
"IDENTRUST SERVICES, LLC",1,893104.90,0.01
"XTEC, INCORPORATED",2,888407.30,0.01
"UTILITY TRAILER SALES OF ALABAMA, LLC",1,881400.00,0.01
"INTERNATIONAL ASSOCIATION OF FIRE CHIEFS, INC.",5,880972.00,0.01
"C2 TECHNOLOGIES, INC.",4,876868.84,0.01
"TROFHOLZ TECHNOLOGIES, INC.",4,858309.58,0.01
CROSS RIVERS LLC,2,844620.00,0.01
NGP V DENTON TX LLC,2,843274.60,0.01
CROMEDY CONSTRUCTION CORP,1,842074.90,0.01
"ATPA UOP INVESTMENTS (NR), LLC",11,826279.72,0.01
BRUNET-GARCIA ADVERTISING LLC,2,823022.75,0.01
"SMAK PLASTICS, INC.",2,822516.44,0.01
FALON SOURCING SOLUTIONS LLC,1,821799.88,0.01
"KCI-ACUITY, LLC",1,809675.60,0.01
ATVIROTECH INC.,2,800308.20,0.01
TURTLE ASSOCIATES LLC,1,786133.03,0.01
CORT BUSINESS SERVICES CORPORATION,2,779500.97,0.01
TRIENDA HOLDINGS LLC,1,775000.00,0.01
"FEDERAL RESOURCES SUPPLY COMPANY, LLC",7,772951.25,0.01
"REVVITY HEALTH SCIENCES, INC.",2,762084.32,0.01
"DIGITAL DOLPHIN PRODUCTS, LLC",4,754411.00,0.01
"SHERMAN CONSULTING, LLC",1,753792.62,0.01
"SHERMAN RV CENTER, L.L.C.",3,751127.00,0.01
"ROCKSTAR LIMO LOUNGE, LLC",1,743900.00,0.01
"TESELTA, LLC",4,742537.36,0.01
SWN COMMUNICATIONS INC.,9,740827.77,0.01
"J'S ASSOCIATES, LLC",1,737450.56,0.01
"LA CASA DEL CAMIONERO, INC.",3,737211.20,0.01
OBXTEK INC,1,735956.37,0.01
CITY OF DENTON,5,732955.95,0.01
LOGISTICS MANAGEMENT INSTITUTE,1,724966.80,0.01
PRICE MODERN LLC,16,712912.22,0.01
"SILVERTON ENTERPRISES, L.L.C",1,698141.00,0.01
"COASTAL ENVIRONMENTS, INC.",8,696412.65,0.01
METCOR LTD,1,686995.89,0.01
GIBBS CONTRACTING INC.,3,683147.06,0.01
"MADISON HOSPITALITY SERVICES, LLC",1,683016.92,0.01
BOYD ATLANTA RHODES LLC,9,675435.43,0.01
METRO TECHIES LLC,1,674344.00,0.01
"LNG PROPERTIES, L.L.C.",1,672933.85,0.01
R.S. MEANS COMPANY LLC,7,669143.64,0.01
"DOYON MANAGEMENT SERVICES, LLC",1,663500.29,0.01
GRAHAM INC.,1,661263.65,0.01
ECHO TOURS & CHARTERS LP,1,651600.00,0.01
HUNTSVILLE TRACTOR & EQUIPMENT INC,2,645098.88,0.01
CHENEGA RELIABLE SERVICES LLC,1,636975.00,0.01
WECOST INC,12,636805.87,0.01
"W.W. GRAINGER, INC.",3,636219.21,0.01
ACQSIS INC.,1,633704.80,0.01
"CLEARLAKE RESORTS, LLC",1,633509.06,0.01
"FYI - FOR YOUR INFORMATION, INC.",1,629927.69,0.01
ENDLESS SALES INC,1,624319.93,0.01
TECHNOMICS INC,1,623304.28,0.01
PINE ACRES PARK LLC,1,621140.48,0.01
"WELLO, INC",3,621091.67,0.01
ORR TEXTILE CO INC,2,610811.16,0.01
PACIFIC GAS AND ELECTRIC COMPANY,3,609366.58,0.01
MCP COMPUTER PRODUCTS INC,4,606259.02,0.01
"ESSNOVA SOLUTIONS, INC.",1,600513.72,0.01
"TDR CONSTRUCTION CO., INC.",1,600307.00,0.01
THE LEVY PARTNERSHIP INC,1,599829.88,0.01
ABC SECURITY SERVICE INC,2,592584.26,0.01
"U.S. COTTON, LLC",2,592094.72,0.01
AFFILIATED SERVICES INTERNATIONAL LLC,1,591847.99,0.01
"CARTRIDGE TECHNOLOGIES, LLC",2,588503.30,0.01
OPEN LMS LLC,1,578260.00,0.01
UNITED SITE NATIONAL SERVICES COMPANY,6,571636.34,0.00
DOMESTIC AWARDEES (UNDISCLOSED),3,571253.93,0.00
DSG-INSERSO INC.,1,569536.08,0.00
THE TRAINING CONNECTION INC,2,563771.60,0.00
"PONCE RESORTS, INC.",7,563072.20,0.00
ULINE INC,5,562653.67,0.00
"PARADIGM INVESTMENT CAPITAL, L.L.C.",1,562200.00,0.00
"SHOCCO SPRINGS BAPTIST CONFERENCE CENTER, INC.",1,562050.00,0.00
"COPAN DIAGNOSTICS, INC.",2,561687.45,0.00
LINCHPIN SOLUTIONS INC,1,561567.01,0.00
"UNITED SITE SERVICES, INC.",9,561423.24,0.00
SF GENERAL MAINTENANCE SERVICES LLC,6,559907.04,0.00
"USA SHIELDS, LLC",2,558425.00,0.00
"ODP BUSINESS SOLUTIONS, LLC",3,555200.68,0.00
XENIA SYSTEMS LLC,1,549984.00,0.00
VICTORY HOME CENTER LLC,1,541332.00,0.00
CADUCEUS HEALTHCARE INC,1,540127.28,0.00
HORIZON SERVICES CORPORATION,2,536965.09,0.00
EMPLOYMENT LEARNING INNOVATIONS INC,2,536439.57,0.00
"HCN GLOBAL, LLC",1,532399.83,0.00
TIGER CANOPY RENTALS LLC,1,528982.84,0.00
"SKYLINK AIR AND LOGISTIC SUPPORT (USA), INC.",1,525629.00,0.00
VIRGIN ISLANDS WATER & POWER AUTHORITY,4,524364.26,0.00
"FOOTHILL TERRACES, LLC",1,519610.54,0.00
"STONE HILL PARK, LLC",1,513654.80,0.00
CONTRACTING RESOURCES GROUP INC,1,509636.22,0.00
PARADISE 55 LLC,2,507600.00,0.00
CHLOETA HOLDINGS LLC,1,506428.57,0.00
"HEBERT ESTATES MOBILE HOME & RV PARK, LLC",1,505860.00,0.00
"CKA, LLC",1,504119.71,0.00
"RAPE, ABUSE AND INCEST NATIONAL NETWORK RAINN",1,500000.00,0.00
"GEOSPARK ANALYTICS, INC.",2,500000.00,0.00
"RAY LAND, INC.",2,498352.00,0.00
"TCI INTERNATIONAL, INC",1,497834.45,0.00
JTF BUSINESS SYSTEMS CORPORATION,7,492729.21,0.00
AEG GROUP INC,4,488022.98,0.00
MCKESSON MEDICAL-SURGICAL INC.,4,486056.91,0.00
"HR ANEW, INC.",61,485876.66,0.00
"WOODLAWN DEVELOPMENT, INC",1,485691.38,0.00
"TIFCO INDUSTRIES, INC.",2,482867.70,0.00
KUOG CORP,1,482400.00,0.00
"THE BLACKSTAR COMPANIES, LLC",1,482316.20,0.00
AIRPORT RD MOBILE HOME PARK,1,479297.32,0.00
RONNIE P LAROCCA,1,478800.00,0.00
"EMERALD COAST RV CENTER, LLC",1,476615.12,0.00
"VEHICLE LEASING ASSOCIATES, LLC",1,476088.27,0.00
SELECT FABRICATORS INC,2,475169.00,0.00
AMERICAN INSTITUTE IN TAIWAN,1,475022.84,0.00
DOCUMENT IMAGING DIMENSIONS INC.,1,474000.00,0.00
"SAGE HORIZONS CONSULTING, INC.",1,471293.60,0.00
UNITED STATES SOCIETY ON DAMS,1,467676.00,0.00
"ANACAPA MICRO PRODUCTS, INC.",11,467465.57,0.00
"PARKNATION, INC.",6,462154.77,0.00
"SOUTHEAST CONTAINER, LLC",1,461650.00,0.00
"S&K ENGINEERING AND RESEARCH, LLC",1,461475.79,0.00
"MANAGEMENT SOLUTIONS CONSULTING GROUP, INC.",59,454384.70,0.00
"J & M MOBILE HOMES, INC.",1,454330.00,0.00
"R. CHRISTOPHER GOODWIN & ASSOCIATES, INC.",7,453959.70,0.00
INGRAM PROPERTY MANAGEMENT LLC,1,452726.00,0.00
CONCHO CORP,6,452531.39,0.00
MERIDIAN KNOWLEDGE SOLUTIONS LLC,2,446906.58,0.00
"EMERGENT PERFORMANCE SOLUTIONS, LLC",4,446734.34,0.00
EVERSOURCE ENERGY SERVICE COMPANY,4,445265.12,0.00
"BROWN POINT FACILITY MANAGEMENT SOLUTIONS, LLC",3,444815.68,0.00
"TUCKER COMMUNICATION SERVICES, LLC",2,444809.42,0.00
"ONE WAY DEVELOPMENT, INC.",4,444250.20,0.00
"INX MEDICAL, LLC",1,441999.00,0.00
"TOTALLY JOINED FOR ACHIEVING COLLABORATIVE TECHNIQUES (TJFACT), LLC",1,439939.91,0.00
"PIN OAK COMMUNITY, L.L.C",1,435100.00,0.00
"HALL ENGINEERING, LLC",1,434828.47,0.00
"I-49 TRAILER AND R.V S, INC",2,433600.00,0.00
"GENERAL DYNAMICS MISSION SYSTEMS, INC.",4,429890.00,0.00
DELTA ELECTRONICS INC,1,429750.00,0.00
SIGMA ASSESSMENT SYSTEMS INC,2,429350.00,0.00
RAPISCAN SYSTEMS INC,1,428241.97,0.00
"VF IMAGEWEAR, INC.",13,426459.73,0.00
"CENTURY 4, LLC",1,425900.00,0.00
"GARTNER, INC.",4,425583.67,0.00
"LANDOLL COMPANY, LLC",1,423195.12,0.00
"BRADEN PROPERTIES, L.L.C.",1,422000.00,0.00
"PAJARILLO, NATHANIEL",2,420000.00,0.00
KELLY'S RV INC,2,415729.00,0.00
E W WELLS GROUP LLC,1,412393.00,0.00
"COLERAIN TRAILER CENTER, LLC",1,411400.00,0.00
"SKYHAWK LOGISTICS, INC.",2,410287.20,0.00
"P & R CO., INC.",1,408141.00,0.00
FISHER SCIENTIFIC COMPANY L.L.C.,2,405978.08,0.00
"COMMDEX, LLC",3,405966.50,0.00
"OMNI BUSINESS SYSTEMS, INC",2,404473.04,0.00
"FPM REMEDIATIONS, INC.",1,402845.50,0.00
JUNEAU PROPERTY INVESTMENTS LLC,1,401440.80,0.00
AITHERAS LLC,1,399739.67,0.00
SOUTH DADE AIR CONDITIONING & REFRIGERATION INC,1,398971.68,0.00
QUALITY SECURITY SERVICES INC,1,395590.33,0.00
"KONICA MINOLTA BUSINESS SOLUTIONS U.S.A, INC.",6,392941.22,0.00
SECURE SHIVA SOLUTIONS LLC,1,387888.00,0.00
"THREE SISTERS, INC.",1,385000.00,0.00
AGILE MANAGEMENT INC,1,383990.04,0.00
"SOIL AND ENVIRONMENTAL TESTING SERVICES, INC.",2,382863.00,0.00
CENTRAL ALABAMA ELECTRIC COOPERATIVE,2,381984.14,0.00
"CONFERENCE OF RADIATION CONTROL PROGRAM DIRECTORS, INC.",2,378444.39,0.00
"PRUDENT TECHNOLOGIES, INC",1,375473.17,0.00
POT-O-GOLD RENTALS LLC,9,374007.09,0.00
"SAVAN GROUP, LLC",1,373570.20,0.00
GOVERNMENT BUSINESS SOLUTIONS LLC,1,372627.04,0.00
GARDEN OF EDEN LAWN CARE LLC,1,371000.00,0.00
SOUTH PARK REALTY LLC,1,370500.00,0.00
"AVAYA FEDERAL SOLUTIONS, INC.",2,370263.48,0.00
"SCS BUILDING MAINTENANCE, INC",1,368122.71,0.00
"CONCUR TECHNOLOGIES, INC.",24,366518.07,0.00
ZOLON TECH INC.,1,366291.60,0.00
"AMERICAN MATERIAL HANDLING, INC.",3,366061.89,0.00
"JPG, LLC",1,363164.78,0.00
3T FEDERAL SOLUTIONS LLC,1,359363.00,0.00
"SPECTRUM HEALTHCARE RESOURCES, INC",1,357205.56,0.00
"LINKVISUM CONSULTING GROUP, INC.",3,356214.12,0.00
"PLUM LABORATORIES, INC.",1,356043.60,0.00
"BOB PECKHAM & ASSOCIATES, INC",2,353322.62,0.00
"ASSOCIATION OF STATE DAM SAFETY OFFICIALS, INC.",3,352179.24,0.00
CEB INC.,2,351241.00,0.00
"NATIONAL INSTITUTE OF TRANSITION PLANNING, INC",1,350800.50,0.00
"TECHNICAL COMMUNITIES, INC.",1,347947.43,0.00
"AVANI SERVICES, LLC",2,346311.56,0.00
CYNERGY PROFESSIONAL SYSTEMS LLC,1,343661.02,0.00
OUTREACH PROCESS PARTNERS LLC,1,342692.49,0.00
"CHENEGA ENTERPRISE SYSTEMS & SOLUTIONS, LLC",1,342140.82,0.00
LUKOS-VATC JV II LLC,1,342044.16,0.00
AMERICAN TECHNOLOGY INTEGRATORS LLC,4,341837.00,0.00
MLC HOLDINGS LLC,4,340879.35,0.00
SIEMENS INDUSTRY INC,1,338428.00,0.00
ACCOMMODATIONS 4 ALL LLC,1,334924.80,0.00
EAST WEST RENTAL CENTER,3,321897.03,0.00
3 STONEDEGGS INC,1,320174.20,0.00
CDA INC,1,317378.25,0.00
TRIBE LRR LLC,7,315863.52,0.00
"SOUTH COAST ENTERPRISES OF NC, LLC",5,315499.32,0.00
"THE TAURI GROUP, INC.",1,311369.33,0.00
"FRANKLIN YOUNG INTERNATIONAL, INCORPORATED",2,311129.86,0.00
"WASTE MANAGEMENT, INC.",3,310405.12,0.00
EVERGREEN ONE LLC,1,310153.88,0.00
IRON MOUNTAIN INFORMATION MANAGEMENT LLC,1,308866.00,0.00
RANDOLPH H PIERSON JR,1,305930.00,0.00
THOMPSON CONSTRUCTION GROUP INC,8,303050.92,0.00
"ACUITY SPECIALTY PRODUCTS, INC",2,302720.45,0.00
TOWN OF EMMITSBURG,3,302238.80,0.00
CONCENTRIC SECURITY LLC,2,300323.36,0.00
SECURE OPERATING SOLUTIONS LLC,1,299978.75,0.00
THREE O LLC,2,298711.00,0.00
"MYTHICS, LLC",1,297946.50,0.00
COMSIS SOLUTIONS LLC,2,292679.99,0.00
CLAFLIN SERVICE COMPANY,1,291090.00,0.00
"WYNNE TRANSPORTATION, LLC",1,291000.00,0.00
"KERSHAW'S CAJUN VILLAGE, L.L.C.",1,290176.35,0.00
HYATT CORPORATION,1,287578.76,0.00
"C & C INTERNATIONAL COMPUTERS & CONSULTANTS, INC.",12,287402.15,0.00
"COMPLETE PACKAGING AND SHIPPING SUPPLIES, INC.",6,287250.74,0.00
FAIRWINDS TECHNOLOGIES LLC,2,284305.22,0.00
"PARK AVENUE OPERATIONS, LLC",1,283032.12,0.00
"ATLANTIC DIVING SUPPLY, INC.",2,282950.00,0.00
"COVENANT PARK INTEGRATED INITIATIVES, INC.",1,282056.68,0.00
THE JOHNS HOPKINS UNIVERSITY,1,276709.52,0.00
AMMIE'S MOBILE HOME PARK LLC,2,275520.66,0.00
REALITY REALTY P.S.C.,8,273324.40,0.00
"RD MOBILE HOMES, LLC.",1,272982.40,0.00
COLUMBIA GAS OF PENNSYLVANIA INC,4,271917.89,0.00
WAVERLY MANAGEMENT INC,2,270335.00,0.00
"SONNIER PARKSIDE VILLAGE, L.L.C.",1,266400.00,0.00
SNO VALLEY PROCESS SOLUTIONS INC,3,266179.00,0.00
"CREATION NETWORKS, INC.",1,266023.97,0.00
CG STRATEGY INC,1,265740.57,0.00
TEKNION LLC,2,265659.79,0.00
"EAN HOLDINGS, LLC",9,265541.39,0.00
"NAR MEDICAL DEPOT, LLC",3,265034.21,0.00
AMERICAN COUNCIL ON EDUCATION,2,264230.68,0.00
"GUARANTY RV, INC.",1,262865.00,0.00
US ECO PRODUCTS CORP,1,261586.07,0.00
THE CADMUS GROUP LLC,2,261368.50,0.00
"DECHELLIS, FRANCIS",2,260799.00,0.00
"CQ-ROLL CALL, INC",3,259714.70,0.00
"BAY OAKS VILLAGE MHP II, INC.",2,259542.45,0.00
FITCH HILL LANDSCAPING INC.,1,259149.00,0.00
"ARCHANGEL PROTECTIVE SERVICES, INC.",9,251352.09,0.00
"EXECUTIVE CLEANING SERVICES, LLC",1,249835.00,0.00
"GRANNY'S ALLIANCE HOLDINGS, INC.",4,249708.05,0.00
OPTIVOR FEDERAL LLC,1,245691.37,0.00
OKLAHOMA STATE UNIVERSITY,2,244694.00,0.00
"DEAF SERVICES UNLIMITED, INC.",3,244341.25,0.00
"A P VENTURES, LLC",2,241408.76,0.00
ARBILL INDUSTRIES INC,2,240769.02,0.00
"ACG SYSTEMS, INC.",5,238654.00,0.00
"SIMULATIONDECK, LLC",1,236800.00,0.00
CJR HOLDINGS LLC,1,235599.40,0.00
"LACEY NEWDAY CONSULTING, LLC",1,234400.00,0.00
"EVERGREEN ESTATES, LLC",1,234360.00,0.00
"JOETEN MOTOR COMPANY, INC.",1,233967.20,0.00
P C R PROPERTIES LLC,1,233389.64,0.00
CABLE ONE INC,4,233359.50,0.00
LIBERTY DATA PRODUCTS INC,1,229000.00,0.00
RESCUE ONE TRAINING FOR LIFE INC,1,228950.98,0.00
SERVICIOS SANITARIOS DE PUERTO RICO INC.,3,228001.23,0.00
SMITHS DETECTION INC.,2,227040.00,0.00
CAPITAL FACILITY SERVICES CORP.,1,226404.00,0.00
ISLAND BUSINESS SYSTEM AND SUPPLIES CNMI CORPORATION,2,225822.71,0.00
CROSBY TRAILS MOBILE HOME PARK LLC,2,223833.39,0.00
"DOYON TECHNICAL SERVICES, LLC",2,222270.10,0.00
"PROCOM COMMUNICATIONS, LLC",3,218537.38,0.00
CESAR CASTILLO LLC,1,218508.25,0.00
BAY OAKS VILLAGE MHP INC,3,216505.00,0.00
DH JACKSON LONG TERM DISASTER RECOVERY COMMITTEE INC,4,216033.01,0.00
PRONTO SHIPPING AND PACKAGING SERVICES INC.,1,215323.41,0.00
ELITE TRUCKING SOLUTIONS CORP,1,214906.69,0.00
"FEDERAL MAINTENANCE HAWAII, LLC",1,214138.83,0.00
"ITC FEDERAL, LLC",1,213610.80,0.00
"NC LAND LEASE, LLC",1,211675.00,0.00
"WOODLAKE PARK ESTATES, L.L.C.",1,210600.00,0.00
"UNITED PARCEL SERVICE, INC.",31,210496.72,0.00
"GENESIS INTERNATIONAL MANAGEMENT GROUP, LLC",1,209321.89,0.00
"BERRY'S FAMILY CLEANING SERVICES, INC.",2,208350.48,0.00
ARISHA INVESTMENTS INC,1,207645.90,0.00
MASSACHUSETTS INSTITUTE OF TECHNOLOGY,1,205660.00,0.00
"HMD CONSTRUCTION GROUP, LLC",1,202199.70,0.00
MERCY MEDICAL EQUIPMENT COMPANY,2,201869.10,0.00
LANE ENTERPRISES UNITED LLC,1,201552.63,0.00
TEXAS THRONE LLC,1,201458.06,0.00
CHILCOTT INC,1,201153.00,0.00
"CUTTING SYSTEMS, INC.",1,200644.00,0.00
"ESSENCE BOTTLING COMPANY OF TEXAS, INC.",1,200504.64,0.00
"MDG CONNECTED SOLUTIONS, INC",1,199446.74,0.00
"CYRACOM INTERNATIONAL, INC",7,198137.97,0.00
AMERICAN SCIENCE & ENGINEERING INC,1,196133.50,0.00
EMERGENCY MANAGEMENT AGENCY MASSACHUSETTS,2,195900.05,0.00
"OAK HOME, INC.",2,195080.00,0.00
"WALKER SOUTH MOBILE HOME PARK, LLC",1,193856.66,0.00
"USA WASTE OF CALIFORNIA, INC.",3,193424.42,0.00
BUNCH'S TRAILER PARK LLC,1,192736.48,0.00
VECTOR RESOURCES INC,1,189999.87,0.00
FULTONST1 LLC,7,187675.67,0.00
ORPHANS LLC,5,186662.50,0.00
"RICE, CHARLENE",2,185388.90,0.00
"884 ROBERTS MFP, LLC",1,185332.85,0.00
WASHINGTON GAS LIGHT COMPANY,1,184868.21,0.00
"BATTS, DUANE ALAN",3,181545.00,0.00
"M. C. DEAN, INC.",1,180482.00,0.00
TECHNIMARK LLC,1,178001.18,0.00
SEVENTH & CHESTNUT ASSOCIATES,5,177529.50,0.00
HOOKEDUP RV PARK INC.,1,176699.93,0.00
JPPR INC.,2,175853.72,0.00
"COSTAR REALTY INFORMATION, INC.",2,175748.61,0.00
REPUBLIC SERVICES INC,4,173797.37,0.00
MILNER TECHNOLOGIES INC,1,173500.00,0.00
BURNS COOLEY DENNIS INC,3,173267.70,0.00
MANHATTAN TELECOMMUNICATIONS CORPORATION LLC,14,172158.88,0.00
"SEMINOLE OFFICE SOLUTIONS, INC",2,170887.83,0.00
FPA PACIFIC CORP.,3,168310.00,0.00
"TEXAS FUELING SERVICES, INC",1,167210.00,0.00
ALLMAN HOMES MANAGEMENT LLC,1,166920.00,0.00
SYSTEMLINK NORTH AMERICA INC,1,166800.00,0.00
"JACKSON CLEANING SERVICES, LLC",1,166101.70,0.00
"SAGE SOFTWARE, INC",1,162072.39,0.00
"SECURE MEASURES, LLC",1,160866.00,0.00
ROYAL DISTRIBUTORS LLC,1,160398.00,0.00
"ALL SAFE INDUSTRIES, INC",2,160370.00,0.00
"THE ARCANUM GROUP, INC.",1,159091.81,0.00
GREAT LAKES COMPUTER CORP,2,158676.00,0.00
"WRIGHT SECURITY ENTERPRISES, LLC",1,158300.00,0.00
"DESERT PALM OPERATING, LLC",1,157947.61,0.00
"SERRANO & SERRANO CONSTRUCTION, INC",4,157912.20,0.00
WATSON KEVIN,1,157261.45,0.00
ONTIME LOGISTICS LLC,2,157256.39,0.00
INFINITI GLOBAL LLC,1,156440.25,0.00
"DISASTER MEDICAL TECHNOLOGIES, LLC",1,156000.00,0.00
SOUTHLAND HOSPITALITY PROPERTIES LLC,1,154180.00,0.00
"MILL VILLAGE MHP, LLC",2,152972.58,0.00
GLOBAL EMERGENCY RESPONSE INC,1,149806.00,0.00
"J & M INDUSTRIES, INC.",1,149414.46,0.00
"DIY MEDIA GROUP, INC",1,147329.28,0.00
"SUNBELT RENTALS, INC",9,145108.78,0.00
"EC AMERICA, INC",3,143481.71,0.00
NSTAR ELECTRIC COMPANY,1,141425.43,0.00
AMERICAN BAR ASSOCIATION,32,141161.59,0.00
"LRP PUBLICATIONS, INC.",1,140424.00,0.00
RITE TECHNOLOGY INC,1,140104.15,0.00
NC4 PUBLIC SECTOR LLC,1,140050.64,0.00
SALUS RESOURCES INC,1,140000.00,0.00
CCATT PR LLC,1,139497.14,0.00
VISIONARY CONSTRUCTION INC,1,138166.00,0.00
VIA BAYOU INC.,2,136130.16,0.00
"SARSTEDT, INC",2,135923.62,0.00
CREATIVE RESOURCES AGENCY LLC,2,134977.89,0.00
"TEAM CARNEY, INC.",1,134571.78,0.00
"MANAGEMENT CONCEPTS, INC",6,134258.99,0.00
TAYRONA INVESTMENTS LLC,2,133451.75,0.00
SYSTEL BUSINESS EQUIPMENT CO INC,5,132413.62,0.00
DEPARTMENT OF PUBLIC SAFETY STATE UTAH,1,131394.15,0.00
MCCLELLAN BUSINESS PARK LLC,3,131303.95,0.00
PLUMBING AND SEWER CLEANING R US DBA ROD RODDER CORPORATION,9,131005.00,0.00
FEDSTORE CORPORATION,1,130905.00,0.00
"RICO SUNTOURS, INC",1,130681.25,0.00
"INTEGRATED FINANCE AND ACCOUNTING SOLUTIONS, LLC.",1,130003.20,0.00
BPM SERVICES INC,1,129119.32,0.00
VIGIERS COMPUTER SERVICES LLC,1,128390.00,0.00
HERC RENTALS INC,1,128278.72,0.00
GUARAGUAO TRUCK SALES INC,2,125845.28,0.00
"GRAYBAR ELECTRIC COMPANY, INC.",4,125145.77,0.00
UNDERWRITERS LABORATORIES INC,1,124999.27,0.00
NATIONAL ASSOCIATION OF STATE EMERGENCY MEDICAL SERVICES OFFICIALS,1,124940.75,0.00
CONSENSUS BUILDING INSTITUTE INC,2,124616.18,0.00
SAFESMART LLC,1,124600.00,0.00
ABS TECHNOLOGY SOLUTIONS INC,2,124293.77,0.00
"ZJO ENTERPRISES, LLC",2,124276.45,0.00
"HJ CONTRACTING, LLC",1,124200.00,0.00
HHN & ASSOCIATES LLC,5,123562.47,0.00
CHITRA PRODUCTIONS LLC,1,123250.09,0.00
"CRITICAL OPS, LLC",2,122972.26,0.00
"DOVE CREEK COMMUNITY, L.L.C.",1,122760.00,0.00
"TRUEBLUE, INC.",2,122596.04,0.00
"CIRCUIT BREAKER SALES NE, LLC",1,122318.90,0.00
RUSTIC SAMS RESORT CAMP GROUND,2,121763.47,0.00
BARRISTER DIGITAL SOLUTIONS LLC,1,120000.00,0.00
"BESTWAY TRANSPORT, INC.",2,119823.33,0.00
CAVCOM INC,2,119621.72,0.00
"L3HARRIS TECHNOLOGIES, INC.",2,119275.66,0.00
ARCON LLC,1,119258.20,0.00
"CRAFT COMMUNITY, LLC",1,118800.00,0.00
"CANCIENNE-WILLISTON, KATHY R",2,118254.54,0.00
"RIGHT WAY ENVIRONMENTAL CONTRACTORS, INC",3,117909.50,0.00
"BAKER RIGGING, LLC",1,117856.72,0.00
MC HOLIDAY CITY PROPERTY LLC,1,116996.14,0.00
"MA FEDERAL, INC.",2,116839.97,0.00
"W. J. S. ENTERPRISES, INC.",1,116657.43,0.00
TRAVELERS PROPERTY LLC,2,116450.16,0.00
CMS RESEARCH CORP,1,115788.00,0.00
"LOUISIANA MACHINERY COMPANY, L.L.C",2,115761.11,0.00
CLEAN ZONE PR CORP,1,115730.00,0.00
CRAIG AND CRAIG PROFESSIONAL MANAGEMENT SERVICES LLC,1,115655.06,0.00
HALL BRIAN,1,115600.00,0.00
CISION US INC,1,115500.00,0.00
"V3 GATE TEAM, LLP",4,115455.61,0.00
"DEEP CREEK LANDING, LLC.",1,115198.35,0.00
ADVANCED OFFICE SYSTEMS INC,2,114418.10,0.00
LUX BUS AMERICA CO.,1,114275.00,0.00
ECOLOGY MIR GROUP LLC,6,114216.04,0.00
"PRESCIENT TECHNOLOGIES, LLC",1,114035.84,0.00
EASTERN LIFT TRUCK CO INC,1,113468.10,0.00
SPENCELEY OFFICE EQUIPMENT INC,2,112950.00,0.00
"THE LEADERSHIP CIRCLE, LLC",1,111889.00,0.00
"FLORIDA CAVERNS RV RESORT, LLC",2,110967.15,0.00
SHARP ELECTRONICS CORP,4,109954.00,0.00
"1PROSPECT TECHNOLOGIES, LLC",1,109609.16,0.00
GAREX INDUSTRIES LLC,1,109470.00,0.00
REB ROWE SERVICES LLC,1,108618.00,0.00
M & R RENTALS LLC,1,108440.00,0.00
"PACIFIC ENVIRONMENTAL GROUP, LLC",9,108102.92,0.00
VIAVI SOLUTIONSLLC,1,107626.00,0.00
"COLONIAL PARKING, INC",4,106700.53,0.00
"HAMVIS PROPERTIES, INC.",1,106389.78,0.00
THE TRAVIS ASSOCIATION FOR THE BLIND,11,106122.90,0.00
STERICYCLE INC,33,105604.48,0.00
SWANSON SERVICES LLC,1,105066.46,0.00
AVKARE LLC,1,105020.00,0.00
"MANAGED CARE ADVISORS, INC.",1,104982.08,0.00
"COIL WINDING SPECIALIST, INC.",1,103833.55,0.00
"AMALGAMATED SERVICES, INC.",1,103779.20,0.00
"INTEGRITY RESORTS, INC",2,103441.25,0.00
ADAPTAVIST INC.,1,103355.65,0.00
"INTERNATIONAL E-Z UP, INC.",1,103250.00,0.00
CEATI INTERNATIONAL INC.,1,102500.00,0.00
ZOLL MEDICAL CORPORATION,1,102054.00,0.00
VERITIV OPERATING COMPANY,1,101991.02,0.00
AUTOMATED BUILDING CONTROLS INC,1,101299.82,0.00
SAFEWARE INC,2,101155.00,0.00
F. WALTHER ELECTRIC CORP.,1,100522.05,0.00
"RAFAEL CASTRO MONTES DE OCA ARQUITECTOS, PSC",1,100228.10,0.00
CUMBERLAND VALLEY VOLUNTEER FIREFIGHTERS ASSOCIATION,1,100108.00,0.00
INTERNATIONAL ASSOCIATION OF FIREFIGHTERS,1,100000.00,0.00
"OFFICE ENVIRONMENTS INTERNATIONAL, INC.",7,99608.58,0.00
FRANKLIN COVEY CLIENT SALES INC,1,97965.69,0.00
RAM LAXMI LLC,1,96969.60,0.00
"FOUR POINTS TECHNOLOGY, L.L.C.",2,96908.27,0.00
"H&E EQUIPMENT SERVICES, INC.",1,96887.46,0.00
STEELCASE INC.,2,96468.36,0.00
"OREGON PREMIER LOCATIONS, LLC",1,95805.05,0.00
KASER MECHANICAL LLC,1,95790.00,0.00
UNITED ELECTRONICS INC,1,95448.25,0.00
GARDERE CAPITAL INVESTMENTS LLC,1,94309.14,0.00
"MAXIM HEALTHCARE SERVICES, INC.",1,93925.58,0.00
"ACCLAIM TECHNICAL SERVICES, LLC",2,93864.60,0.00
"NATIONAL VOLUNTEER FIRE COUNCIL, INC.",1,93642.00,0.00
"CREWS, JAMES JR.",2,93204.82,0.00
SYSTEMS SOURCE INC,1,92084.40,0.00
"FEDRESULTS, INC.",2,92008.08,0.00
PINE VALLEY LAND LLC,1,91339.75,0.00
PINE VILLA MOBILE HOME PARK INC,2,91252.50,0.00
AGILE HOMELAND SECURITY GROUP LLC,1,90901.22,0.00
JAY HENGES ENTERPRISES INC.,2,90550.19,0.00
CYPRESS SOLUTIONS LLC,7,89771.92,0.00
SAFEGUARD DOCUMENT DESTRUCTION INC,7,89002.23,0.00
WYNNPRO LLC,1,88969.34,0.00
KIPPER TOOL COMPANY,2,88201.30,0.00
"SUPERIOR KITCHEN SERVICE, INC",1,87831.00,0.00
SIMPLECOM SOLUTIONS LLC,6,87679.99,0.00
TELETRIX CORPORATION,1,87600.00,0.00
"LEXMARK INTERNATIONAL, INC.",5,86789.60,0.00
DELL MARKETING L.P.,4,86619.98,0.00
CLEAN WORLD CORPORATION,1,86495.05,0.00
PAVION CORP.,1,86436.57,0.00
"TIME SOLUTIONS, LLC",1,86332.72,0.00
"SCOTT EQUIPMENT COMPANY, L.L.C.",2,86018.05,0.00
"TOPP KNOTCH PERSONNEL, INC.",1,85613.40,0.00
"UNITED RENTALS, INC.",4,85307.55,0.00
MFS CONSTRUCTION LLC,1,85000.00,0.00
MELGAR FACILITY MAINTENANCE LLC,1,84875.87,0.00
"GAITHERSBURG FARMERS SUPPLY, INC.",1,84262.67,0.00
"SURGICAL TOOLS, INC.",1,84000.00,0.00
"TRANS COAST INVESTMENTS, LLC",3,83221.28,0.00
"EVENT SOLUTIONS OF LOUISIANA, L.L.C.",2,82545.00,0.00
"B.V.R. AMBULANCE BEST CARE, LLC",1,82500.00,0.00
INTERNATIONAL SOS GOVERNMENT SERVICES LLC,1,81686.08,0.00
LEROY & DOROTHY BROWN,1,81336.12,0.00
COORDINATION AND PLANNING PARTNERS,1,80841.46,0.00
"AZALEA PLAZA ESTATES, LLC",1,80770.15,0.00
"OROVILLE, CITY OF, INC",1,80700.93,0.00
CENTRAL PARK MEDICAL PRACTICE P.C.,2,79487.50,0.00
FEDERAL EXPRESS CORPORATION,3,79352.31,0.00
ST MARTIN BROWN & ASSOCIATES LLP,1,78863.37,0.00
ELEORA LLC,1,78500.88,0.00
MICHIGAN ENGINEERING SERVICES LLC,1,77813.51,0.00
"AMERICAN ELECTRIC POWER COMPANY, INC.",2,77782.30,0.00
SYSTRONICS INC,2,77211.60,0.00
WISECOM TECHNOLOGIES INC,5,76822.82,0.00
COFFMAN ELECTRICAL EQUIPMENT CO.,1,75607.00,0.00
SMILE AGAIN LEARNING CENTER CORP,2,75032.24,0.00
XEROX CORP,1,74038.88,0.00
"GENPRIME, INC.",1,73535.00,0.00
UNIVERSITY OF SOUTHERN CALIFORNIA,1,73381.10,0.00
"WALKER MILLER EQUIPMENT COMPANY, INC.",1,73294.80,0.00
"SIGNAL MOUNTAIN NETWORKS, LLC",1,72890.00,0.00
"STERTIL-KONI U.S.A., INC.",1,72626.00,0.00
"AHTNA PROFESSIONAL SERVICES, INC.",1,72485.28,0.00
"TALQUIN PORTABLE RESTROOMS, INC.",2,72154.34,0.00
LOTUS LOGISTICS LLC,1,71842.50,0.00
COMBAT MEDICAL SYSTEMS LLC,1,71687.84,0.00
ENVIRONMENTAL MANAGEMENT SERVICES INC,1,71561.96,0.00
CW CONSTRUCTION INC,1,71304.53,0.00
"LEIDOS SECURITY DETECTION & AUTOMATION, INC.",2,71100.00,0.00
THE JANZ CORP,1,70828.60,0.00
"SIERRA TRAILS, LLC",1,70817.62,0.00
POTOMAC RIVERBOAT CO LLC,1,70668.00,0.00
OUTOFTHERATRACE LLC,3,70530.71,0.00
"JONES, SHERIDAN S",1,70379.83,0.00
"KABCO INVESTMENTS, INC.",2,69906.65,0.00
"EXECUTIVE BROADBAND COMMUNICATIONS, LLC",1,69740.00,0.00
AHTNA GLOBAL LLC,1,69581.80,0.00
"TRADEBE TREATMENT AND RECYCLING, LLC",1,69499.99,0.00
"MORGAN, BIRGE' AND ASSOCIATES, INC",1,68199.27,0.00
GENTLE TOUCH LABS CO,1,68192.25,0.00
BIOFIRE DEFENSE LLC,1,68025.09,0.00
MRCM LLC,2,67960.00,0.00
DYNAMIC LOGISTICS & ADMINISTRATIVE SERVICES LLC,1,67830.00,0.00
"ACE WASTE SYSTEMS, INC.",4,67756.97,0.00
DIVERSIFIED SITE SERVICES LLC,1,67307.00,0.00
"AMERICAN PURCHASING SERVICES, LLC",3,67280.08,0.00
"APPLIED BUSINESS CONCEPTS, LLC",1,67105.96,0.00
MEADOW GARDEN ESTATES MOBILE HOME PARK,1,66992.30,0.00
DELTA SCIENTIFIC CORPORATION,2,66939.29,0.00
"STRYKER SALES, LLC",1,66681.40,0.00
"UNITED RENTALS (NORTH AMERICA), INC.",3,66567.88,0.00
MATT BROWNS TRUCK REPAIR LLC,1,66348.68,0.00
"JOURNEYS MANAGING GROUP, LLC",2,66298.42,0.00
"INNOVATIVE VIDEO TECHNOLOGY, INC.",1,66100.25,0.00
HAVELOCK DEVELOPMENT CORP,1,65926.28,0.00
"LANGUAGE BANK, INC.",11,65860.08,0.00
"COMMUNICATIONS CONSULTING GROUP, LLC",2,65859.32,0.00
"THOMPSON, EDMUND I",1,64927.00,0.00
BURGMEIERS HAULING INC,1,64620.16,0.00
"G-FORM, LLC",1,64387.20,0.00
BROCO OIL INC,2,64000.00,0.00
"ARB, INC.",1,63869.28,0.00
AIR CLEANING SPECIALISTS ON NEW ENGLAND LLC,1,62925.00,0.00
SKY TECHNOLOGY SOLUTIONS INC.,1,62099.47,0.00
GAROLD L GARRETT,1,61247.92,0.00
TRANSLATION SOLUTIONS CORP,11,60728.51,0.00
"ECS FEDERAL, LLC",1,59865.10,0.00
"HUDSON NORTHVIEW, LLC",2,59832.12,0.00
ALLIED WASTE OF PUERTO RICO INC.,1,59496.92,0.00
R & L PITTS HOLDINGS LLC,2,58955.47,0.00
WAUSAU DEVELOPMENT LLC,2,58680.00,0.00
W-CITY VIEW PR LLC,2,58373.85,0.00
"CUSTOM ENVIRONMENTAL SERVICES, INC.",1,58229.00,0.00
WANDERLUST LOGISTICS LLC,2,57578.32,0.00
RELIANCE CONTRACTORS INC,2,57350.00,0.00
"LAST CHANCE CAMPGROUND, LLC",1,57251.28,0.00
CONQUEST ELECTRICAL CONTRACTING LLC,1,57250.00,0.00
KRATOS ANTENNA SOLUTIONS CORPORATION,3,57130.00,0.00
"FERRELLGAS, L.P",3,56330.77,0.00
"EAST COAST MEDICAL, LLC",2,56192.73,0.00
PPF OFF 74 NORTH PASADENA AVENUE AND 75 NORTH FAIR OAKS AVENUE LP,1,56122.46,0.00
"ADVANCED PROGRAMS, INC.",1,55985.00,0.00
CONERLY MALCOLM,2,55837.50,0.00
SAIPAN PORTOPIA HOTEL CORPORATION,2,55600.00,0.00
AST TELECOM LLC,2,55368.97,0.00
OGLALA SIOUX TRIBE OF PINE RIDGE INDIAN RESERVATION,1,55293.00,0.00
"ROGUE DISPOSAL & RECYCLING, INC.",1,55207.00,0.00
"CENTRAL ASSOCIATION FOR THE BLIND, INC.",1,55102.25,0.00
"SIDES & ASSOCIATES, INC.",6,55101.61,0.00
AVANT ACOUSTICS LLC,1,54949.00,0.00
REACTION CO,1,54911.56,0.00
"J-Y ENTERPRISES, LLC",1,54600.00,0.00
NEW HAMPSHIRE DEPARTMENT OF SAFETY,1,54400.63,0.00
PUERTO RICO WIRE PRODUCTS INC,2,54190.00,0.00
WRIGHT LINE LLC,1,54072.93,0.00
"SUPPLYSOURCE DC, LLC",1,53997.32,0.00
"SDV SOLUTIONS, LLC",2,53667.34,0.00
LA WASTE AND CONSULTING,2,53512.50,0.00
"VERSAR, INC.",1,52747.29,0.00
"COQUI DISPOSAL SERVICES, LLC",2,52474.29,0.00
"H. L. DALIS, INC.",1,52450.00,0.00
"B.R. SERVICES, LLC",1,52440.00,0.00
"MVATION WORLDWIDE, INC.",2,51900.89,0.00
"DH TECHNOLOGIES, INC.",1,51693.60,0.00
TECHNICAL OPERATIONS INC.,1,51071.10,0.00
LA ROSA DEL MONTE EXPRESS INC,3,50870.22,0.00
"D. G. MARSHALL ASSOCIATES, INC",1,50824.00,0.00
"TACMED SOLUTIONS, LLC",1,50368.48,0.00
"TWIN CITY SECURITY, L.L.C.",1,50212.50,0.00
TETHON CORPORATION,1,48949.75,0.00
"O.T. TRANS, INC.",1,48933.24,0.00
MARYLAND DIGITAL COPIER INC.,5,48610.61,0.00
CLEGG INDUSTRIES INC,2,48575.93,0.00
CLEAN HARBORS ENVIRONMENTAL SERVICES INC,6,48428.47,0.00
"PRIME JANITORIAL SERVICE, CORP.",4,48376.46,0.00
"RDRC MECHANICAL SERVICES, INC.",1,48254.61,0.00
SYNTONICS LLC,1,47917.42,0.00
"CONSTANT AND ASSOCIATES, INC.",1,47888.00,0.00
TALENT TOOL & DIE INC,1,47610.00,0.00
"LANTEC OF LOUISIANA, L.L.C.",5,47565.00,0.00
PORTOSAN INC,2,47315.00,0.00
LAURUS SYSTEMS INC,1,47296.00,0.00
GLASSDOOR INC,1,47217.35,0.00
"SMART MACHINES, INC.",2,47210.00,0.00
TSI INCORPORATED,2,47008.75,0.00
JDG ASSOCIATES LTD,1,47000.00,0.00
"WILLIAMS, JEFFRESS",1,46405.79,0.00
"PATEL, HEMLATA",1,46195.00,0.00
FIRST ALLIANCE LOGISTICS MANAGEMENT LLC,1,45667.20,0.00
CITY OF CHARLESTON,2,45645.84,0.00
"ARANSAS BAY MOBILE HOME PARK ROCKPORT, LLC",1,45186.00,0.00
TROON INTERESTS L LC,1,45016.10,0.00
LANGUAGES UNLIMITED LLC,1,44978.55,0.00
"ACCURA ENGINEERING AND CONSULTING SERVICES, INC.",1,44960.00,0.00
PACIFIC COAST CONTRACTING GROUP,1,44815.00,0.00
"CRAIGHEAD, JANUARY",2,44705.73,0.00
PELLERIN MILNOR CORPORATION,1,44688.64,0.00
"JACKSONWOODS MOBILE HOME COMMUNITY, LLC",1,44413.34,0.00
"UNITED SITE SERVICES OF TEXAS, INC.",1,44169.33,0.00
"JCJ MANAGEMENT, LLC",2,43896.00,0.00
POPULAR AUTO INC,1,43627.42,0.00
"PANORAMA CONSULTING, INC.",1,43549.95,0.00
NOV8IVE CORPORATION,2,43520.48,0.00
"THE LAW OFFICES OF STUART L. PLOTNICK, LLC",6,43314.00,0.00
"SOUTH MISSISSIPPI BUSINESS MACHINES OF GULFPORT, INC",1,43260.72,0.00
"ON COMPUTER SERVICES, L.L.C.",1,43224.00,0.00
EQUIFAX WORKFORCE SOLUTIONS LLC,1,42938.72,0.00
"W. J. HOEY TIRE CO., INC.",1,42932.35,0.00
"BASDEN, JAMES W",1,42399.76,0.00
"KOMAX, LLC",2,42079.60,0.00
KWIKSPACE GUAM INC,1,42000.00,0.00
ALLURE KONNECT LLC,1,41986.90,0.00
PEARL 1 SERVICES LLC,1,41918.05,0.00
ACE HARDWARE (CNMI) INC.,4,41900.40,0.00
SCHNEIDER ELECTRIC IT CORPORATION,1,41775.00,0.00
WRIGGLESWORTH ENTERPRISES INC,3,41727.77,0.00
"UGI CENTRAL PENN GAS, INC.",1,41518.63,0.00
SIGNATURE WALL SOLUTIONS INC,1,41473.59,0.00
"UNITED STATES ANTENNA PRODUCTS, L.L.C.",2,41140.00,0.00
CONCREATED DESIGN FIRM LLC.,1,40739.26,0.00
"RADIO RECONNAISSANCE TECHNOLOGIES, INC.",1,40521.36,0.00
FAAC INCORPORATED,1,40295.00,0.00
"GREYSTONE LOGISTICS, LLC",1,40120.00,0.00
"LGTMHP, LLC",1,40034.80,0.00
"W W HOUSE, INC.",3,40020.63,0.00
"ANCHOR INNOVATION, INC.",1,39989.69,0.00
MORRICO EQUIPMENT LLC,1,39970.00,0.00
SOUTH SIDE TIRE AND AUTO INC,1,39931.13,0.00
"FEDERAL-FABRICS-FIBERS, INC.",1,39470.69,0.00
"M.E. BRIDGETON, LLC",1,39205.82,0.00
THE BATON ROUGE WATER WORKS COMPANY,2,39188.91,0.00
"BISHOP, COLE",1,38972.50,0.00
REMOTE SATELLITE SYSTEMS INTERNATIONAL INC,1,38712.05,0.00
"AHERN RENTALS, INC.",2,38460.25,0.00
ALLIED RESTORATION INC,3,38269.52,0.00
NJCM LOGISTICS LLC,2,38134.07,0.00
"COMMUNICATIONS ENGINEERING, INC",1,37986.00,0.00
AMERITEL COMMUNICATIONS CORPORATION,1,37973.40,0.00
HORIZONS INCORPORATED,2,37944.35,0.00
"PACIFIC LIGHTING MGT, INC.",1,37900.00,0.00
"ITCONSULTANTSPR, INC",1,37406.00,0.00
"YUKON CONSTRUCTION, LLC",1,37155.00,0.00
CENTRAL LAKE ARMOR EXPRESS INC,1,37023.50,0.00
"NATIONAL BUSINESS FURNITURE, LLC",3,36917.28,0.00
LOUISIANA PRESS ASSOCIATION INC,4,36654.41,0.00
THE COMPUTER WORKSHOP INC,3,36269.65,0.00
ROSETTA STONE LLC,1,36264.00,0.00
WASHINGTON SUBURBAN SANITARY COMMISSION,1,36000.00,0.00
LETOVA LLC,1,35861.08,0.00
HONOR ELECTRIC COMPANY,1,35750.00,0.00
IFE GROUP,2,35719.47,0.00
"LONE STAR TRAILER SERVICES, INC",1,35640.63,0.00
"PROPERTIES OF ASSURANCE, LLC",2,35621.75,0.00
"COMCAST CABLE COMMUNICATIONS, LLC",2,35548.14,0.00
THE ASSOCIATION OF STATE FLOODPLAIN MANAGERS INC,1,35400.00,0.00
NOVOSCOPE L.L.C,1,34920.00,0.00
GRAYBAR ELECTRIC CO INC,1,34851.00,0.00
PR SITE DEVELOPMENT CORPORATION,1,34679.52,0.00
TERA CONSULTING INC.,2,34415.41,0.00
"BROMBERG & ASSOCIATES, LLC",1,34362.96,0.00
UGI UTILITIES INC,1,33785.05,0.00
"RESAVUE, INC.",1,33762.00,0.00
"DUALDRAW, A LIMITED LIABILITY COMPANY",2,33526.00,0.00
"TSRC, INC.",1,33435.00,0.00
SATCOM SOLUTION AND RESOURCES LLC,1,33349.00,0.00
SYMBOLIC TECHNOLOGY INC,1,33347.00,0.00
ST NET-APPTIS FIRSTSOURCE JOINT VENTURE,6,33309.73,0.00
"SECOUR ENTERPRISES, LLC",1,33277.44,0.00
"R.K. BLACK, INC.",1,33122.47,0.00
"BEAUMONT OAK FOREST COMMUNITY, LLC",1,33102.50,0.00
ANP TECHNOLOGIES INC.,1,33050.00,0.00
STEWART & STEVENSON POWER PRODUCTS LLC,1,33021.90,0.00
"JOHNSON'S QUALITY TREE CARE & LOGGING CO., LLC",1,32500.00,0.00
"ROKHO ENTERPRISES, LLC",1,31975.00,0.00
"VITALSMARTS, LC",3,31922.36,0.00
"INTERNATIONAL TACTICAL PRODUCTS, INC.",1,31917.40,0.00
WATSON FURNITURE GROUP INC,2,31760.15,0.00
"AREA RESTROOM SOLUTIONS, INC.",2,31735.63,0.00
"REWORLD SOLUTIONS, LLC",1,31631.10,0.00
"PINEY BRANCH MOTORS, INC.",2,31480.00,0.00
"A1 SHREDDING AND RECYCLING, INCORPORATED",2,31342.20,0.00
"WE'RE CLEANING, INC.",2,31125.00,0.00
JPS INTEROPERABILITY SOLUTIONS INC,1,31036.00,0.00
MEAD & HUNT INC,1,30970.00,0.00
"SONOSIM, INC.",1,30816.40,0.00
"1ST CLASS TRANSPORT, LLC",1,30773.93,0.00
RESTROOMPARTNERS LLC,1,30720.00,0.00
NITELINES USA INC,1,30540.98,0.00
FOGLES REFUSE LLC,1,30295.00,0.00
"E. M. OIL TRANSPORT, INC.",2,30091.74,0.00
"PROVISION SPECIALIZED RESOURCES, LLC",1,30040.00,0.00
VERTIV CORPORATION,1,29871.34,0.00
"FEDWRITERS, INC.",1,29852.90,0.00
LOCKMASTERS INC,1,29841.28,0.00
"WHITESTOCKING PROPERTY, LLC",1,29445.13,0.00
"ARIZONA BLACK OPS, LLC",1,29440.00,0.00
NATIVE INSTINCT LLC,1,29435.94,0.00
VARTEST LABORATORIES INC.,2,29215.00,0.00
ONEALES TRUCKING & TRAILER TRANSPORT INC,1,29175.00,0.00
"K & E PLASTICS, INC.",1,29072.00,0.00
"MCGIRT, MILDRED R",1,28871.57,0.00
CALHOUN COUNTY 9-1-1 DISTRICT,1,28634.14,0.00
BANKS LAWN CARE,1,28458.90,0.00
"CHATIGNY, RICHARD",1,28003.25,0.00
"CALLWOOD, FRANCIS",1,27681.34,0.00
615 CHESTNUT MASTER LEASE LP,5,27571.37,0.00
"IDEAL SYSTEM SOLUTIONS, INC.",1,27494.10,0.00
"WILLIAMS SCOTSMAN, INC.",2,27353.58,0.00
J & E ASSOCIATES INCORPORATED,3,27179.60,0.00
BERRY CREEK RANCHERIA RV PARK,1,26850.00,0.00
FASTLINKS LLC,1,26698.00,0.00
AB STAFFING SOLUTIONS LLC,1,26514.40,0.00
EL PUEBLITO MHP,1,26249.75,0.00
PHYSIO-CONTROL INC,1,26082.93,0.00
MOORHEAD LODGING ASSOC LLC,1,26048.00,0.00
K PAYNE CONTRACTING LLC,2,26000.00,0.00
LIQUILUX GAS CORPORATION,2,25981.98,0.00
WMB FINANCIAL SOLUTIONS,2,25960.00,0.00
"AAA CAJUN PEST SERVICES, L.L.C.",1,25944.00,0.00
"TRUESHRED, INC.",1,25618.00,0.00
EQUAL EMPLOYMENT OPPORTUNITY COMMISSION,1,25000.00,0.00
CAREFLITE,1,25000.00,0.00
"CAMBRIDGE PARTNERS & ASSOCIATES CORP., THE",1,24896.99,0.00
"ALL COPY PRODUCTS, INC.",1,24821.42,0.00
"NATIONWIDE SUPPLIES, L.P.",1,24782.36,0.00
"CHA FIRE PROTECTION SERVICES, LLC",1,24650.00,0.00
"WIZIX TECHNOLOGY GROUP, INC.",1,24600.00,0.00
OFFICE LEADER CORP,1,24378.74,0.00
SH MECHANICAL INC.,1,24199.05,0.00
"ATKINSON-NOLAND & ASSOCIATES, INC.",1,24156.50,0.00
CHRISTOPHER M BROWN,1,24000.00,0.00
"CAPITAL BUSINESS SYSTEMS, INC.",4,23967.00,0.00
T1 CONSTRUCTION LLC,1,23952.00,0.00
CRESLINE MOBILE HOME PARK,2,23820.00,0.00
KHEPRA INC,1,23784.87,0.00
"CONSOLIDATED TRAILERS, INC.",1,23712.00,0.00
VIASAT INC,1,23694.00,0.00
MEE HOLDINGS LLC,2,23683.77,0.00
"NORTHERN BUSINESS MACHINES, INC",2,23578.00,0.00
POINT SECURITY INC,1,23284.00,0.00
"SUBURBAN PROPANE PARTNERS, L.P.",1,23218.06,0.00
PROMIER PRODUCTS INC.,1,23133.60,0.00
"GENERAL MOVING COMPANY, INC.",1,23100.00,0.00
"CLAYBAR, EDNA LOUISE",1,23023.51,0.00
JH ENTERPRISE INC,1,22815.00,0.00
"SOUTHERN COMMUNICATIONS SERVICES, INC",2,22800.00,0.00
IJS LIMITED LLC,1,22762.20,0.00
"FEI BEHAVIORAL HEALTH, INC.",1,22660.00,0.00
"ENMET, INC.",1,22650.00,0.00
TEXAS BEB INVESTMENTS CORP,1,22605.65,0.00
"IBISWORLD, INC.",1,22595.00,0.00
EDR CONSTRUCTION LLC,1,22571.25,0.00
"5.11, INC.",1,22533.00,0.00
V2LS INC,2,22500.00,0.00
TRI-TRONICS LTD.,1,22474.35,0.00
"GATEWAY FAX SYSTEMS, INC.",1,22430.64,0.00
KIMC BATON ROUGE LLC,1,22200.00,0.00
LINK INTERIORS INC,1,22080.00,0.00
QUESTIONMARK CORPORATION,1,22022.90,0.00
COMMONWEALTH UTILITIES CORPORATION,1,22015.01,0.00
SEQUOYAH ELECTRIC LLC,1,22000.00,0.00
"GEORGE F. RICHARDSON, INC.",1,21954.75,0.00
COMBYTE U S A,1,21880.15,0.00
PHOENIX CONTRACTING LLC,1,21600.00,0.00
"MOBISUPPLY, LLC",1,21580.00,0.00
EDX INC.,1,21528.00,0.00
"B & W ENTERPRISES II, LLC",2,21380.00,0.00
"CHARLES CARTER CONSTRUCTION COMPANY, INC.",1,21310.00,0.00
RECOLOGY BUTTE COLUSA COUNTIES,1,21240.00,0.00
"GA TECHNICAL SERVICES, INC",1,21180.00,0.00
GULF POWER COMPANY,1,21148.00,0.00
"REAL TECH EXTERMINATING, LLC",2,21125.00,0.00
RS HUGHES CO INC,1,21040.00,0.00
"INSTANT OFFICE SOLUTIONS, INC.",2,20909.62,0.00
"M & M WASTE, INC",1,20880.00,0.00
PHOENIX BUILDING & DEVELOPMENT LLC,2,20860.16,0.00
SIKES PROPERTIES LLC,2,20853.68,0.00
"MOBILE MINI, INC.",4,20796.52,0.00
NAMTEK CORP.,1,20775.00,0.00
"DYKES, DOUGLAS",2,20766.70,0.00
"MINITAB, LLC",1,20750.00,0.00
SUPERIOR AIR-GROUND AMBULANCE SERVICE INC,1,20628.75,0.00
VICTORIA AKSHAR HOTELS INC,1,20400.00,0.00
"ALMAZON, INC.",1,20390.67,0.00
FEDERAL EXPRESS CORP,1,20349.55,0.00
NOVA DISPLAY SYSTEMS INC,1,20227.79,0.00
ROLLER TRADERS LLC,1,20086.63,0.00
"ESSENTIAL PRODUCTS OF AMERICA, INC.",1,20082.73,0.00
UNIVERSITY OF WASHINGTON,1,20000.00,0.00
PRIORITY RESOURCES & SOLUTIONS LLC,2,19935.65,0.00
"WILLIAM S. HEIN & CO., INC.",1,19800.00,0.00
TECHNICAL MANAGEMENT SERVICES LLC,2,19794.08,0.00
"CITISCO, LLC",1,19782.86,0.00
"ANCHOR18 MARKETING AND EVENTS, LLC",1,19742.50,0.00
TOKUNAGA BUILDERS INC,1,19703.69,0.00
"C & M SOLUTIONS, LLC",1,19672.16,0.00
"DCD CONSTRUCTION, INC.",1,19637.00,0.00
"NVS CORPORATE SERVICES, INC",1,19489.05,0.00
"JUPITER ELECTRIC, INC.",1,19400.00,0.00
"GRATE INTERPRETING, LLC",3,19286.25,0.00
BIT DIRECT INC,1,19107.53,0.00
LIMPIEZA & MAS MJE,1,19065.00,0.00
ZELPHA LLC,4,18959.00,0.00
"F-CONCEPTS, INC.",1,18885.00,0.00
"SONU CONSULTING, INC",1,18715.00,0.00
"SYSTEMS SUPPORT ALTERNATIVES, INC.",2,18627.41,0.00
DURASERV LLC,1,18600.00,0.00
AUDIO FIDELITY COMMUNICATIONS LLC,1,18470.40,0.00
"ANDERSON, BETTY",1,18406.96,0.00
"AFFIGENT, LLC",1,18329.75,0.00
ORE POWER LLC,1,18243.70,0.00
"THE POWER PLACE, INC.",1,18179.50,0.00
"STRATIX CORPORATION, THE",1,18168.09,0.00
SHELDON LAKE RV RESORT LLC,1,18026.94,0.00
CRAVENS CONSTRUCTION COMPANY,3,18017.50,0.00
"DECO DESIGNS SYSTEMS FURNITURE, INC.",1,18000.00,0.00
AVI-SPL LLC,1,18000.00,0.00
CITY OF ANNISTON,2,18000.00,0.00
NUZIRA LLC,1,17994.50,0.00
FOCUS CAMERA LLC,1,17989.91,0.00
"VECTOR LABORATORIES, INC.",2,17744.21,0.00
ROCKET RESTROOMS & FENCING INC,3,17690.00,0.00
OFI INVESTMENTS L LC,1,17679.92,0.00
"COMPU-TECTURE, INC.",1,17544.50,0.00
APEX MECHANICAL INC,1,17529.23,0.00
"SOUTHERN MOTOR CARRIERS ASSOCIATION, INC",1,17528.00,0.00
VALDOSTA RV LLC,1,17489.38,0.00
"PDC FRINGE II, LLC",1,17413.00,0.00
ONSOLVE LLC,4,17402.75,0.00
"ARGYROS, PATRICIA L",1,17397.41,0.00
COUNTY OF CALHOUN,2,17338.21,0.00
SOUTHWEST OFFICE SYSTEMS INC,1,17300.00,0.00
"ARROWS STEEL & CONSTRUCTION, INC.",1,17001.64,0.00
LAWRENCE WASTE SERVICES CORP,4,16906.00,0.00
"JC COMMUNITY IMPROVEMENT, LLC",1,16810.00,0.00
"HENDERSON LEGAL SERVICES, INC.",11,16785.52,0.00
"SECURITY ENGINEERED MACHINERY CO., INC.",1,16699.62,0.00
ADVANCED PACKAGING LLC,1,16675.00,0.00
HERC RENTALS INC.,1,16671.74,0.00
STAPLES INC,3,16613.56,0.00
JC TECHNOLOGY INC,1,16560.00,0.00
ALTERNATIVE WASTE SOLUTIONS U S LLC,1,16500.00,0.00
BELLEVUE COLLEGE,1,16500.00,0.00
"PIFINITY, INC.",1,16432.42,0.00
MVP NETWORK CONSULTING LLC,1,16408.30,0.00
AMENTUM TECHNICAL SERVICES LLC,1,16282.91,0.00
"BEST POTS, INC",1,16159.08,0.00
"FLAKE TOWERS, LLC",1,16000.00,0.00
1EYEOPEN LLC,1,15975.00,0.00
SIGN LANGUAGE INTERPRETERS INC,2,15972.75,0.00
HUMANSCALE CORPORATION,1,15922.20,0.00
CEIA USA LTD,1,15912.00,0.00
NEWARK CORPORATION,1,15907.50,0.00
ACTION COMPACTION EQUIPMENT LLC,1,15873.64,0.00
"SMART MANAGEMENT CO., INC.",2,15869.94,0.00
"KOESTNER OFFICE PRODUCTS, INC.",1,15798.00,0.00
"NEAL R. GROSS AND COMPANY, INC.",6,15698.99,0.00
"BUSINESS TRAINING WORKS, INC",1,15670.00,0.00
"FIRE CHIEF EQUIPMENT CO., INC.",4,15658.23,0.00
"SUBURBAN BUSINESS PRODUCTS, INC.",1,15442.00,0.00
PROGEND INC,1,15381.33,0.00
OBELUS DESIGN GROUP,1,15281.95,0.00
"THE RAVENS GROUP, INC.",12,15234.00,0.00
"CENTRAL POWER SYSTEMS & SERVICES, LLC",1,15130.24,0.00
"PAC-VAN, INC.",3,15085.00,0.00
"TIGER SHREDDING & RECYCLING, LLC",1,15020.00,0.00
"NATIONAL VOLUNTARY ORGANIZATIONS ACTIVE IN DISASTER, INC.",1,15000.00,0.00
THROUGHLINE GROUP LLC,1,15000.00,0.00
DATAMAX INC.,1,14980.00,0.00
BLUCAL,1,14925.00,0.00
H. CO. COMPUTER PRODUCTS,1,14870.00,0.00
ASHLEYS BUSINESS SOLUTIONS INC,1,14811.04,0.00
"UHS WINDOW TINTING AND BLINDS, INC.",1,14702.48,0.00
"CAPITAL REPORTING COMPANY, LLC",2,14629.30,0.00
"ADVANCED SYSTEMS, INC.",1,14523.00,0.00
"TOSHIBA AMERICA BUSINESS SOLUTIONS, INC",2,14413.40,0.00
"KOCH BROTHERS, INC.",1,14223.80,0.00
CONSOLIDATED TRANSPORTATION SERVICES INC,1,14220.20,0.00
"STAR MARIANAS AIR, INC",2,14211.50,0.00
CHEYENNE RIVER SIOUX TRIBE,3,14161.53,0.00
PORTA PROS INC,2,13885.72,0.00
"PREMIER & COMPANIES, INC.",1,13879.00,0.00
MULE-DUREL INC.,4,13820.07,0.00
WAVESTREAM CORPORATION,1,13800.00,0.00
REDISHRED ACQUISITION INC,2,13795.00,0.00
"ELEVATE HEALTHCARE, INC.",1,13760.00,0.00
"DSFEDERAL, INC",1,13682.84,0.00
MACDONALD-MILLER FACILITY SOLUTIONS LLC,2,13675.80,0.00
CARAVAN CANOPY INT'L INC.,1,13660.00,0.00
WILLIAMS SCOTSMAN INC,2,13610.36,0.00
INDY INTERPRETING INC,1,13563.14,0.00
"J.J.J. & GIB, INC.",1,13390.00,0.00
INFORMATION MANAGEMENT SOLUTIONS LLC,3,13204.00,0.00
"ENGINEERING/REMEDIATION RESOURCES GROUP, INC.",1,13203.92,0.00
"THE ENTERTAINMENT MARKETING GROUP, INC.",1,13200.00,0.00
CVD MAIN LLC,1,13154.27,0.00
HAPPY OAKS R V PARK,1,13072.50,0.00
R3 UNIQ INC,1,12987.00,0.00
"HUFCOR, INC.",1,12947.00,0.00
"A. JAMES GLOBAL SERVICES, INC",1,12875.00,0.00
COPIERS NORTHWEST INC,1,12604.55,0.00
XPRESSHRED LLC,2,12529.00,0.00
"PADRICK, BRIAN KEITH",1,12500.00,0.00
"AIRCON ENGINEERING, INC",1,12424.58,0.00
"ATKINS KROLL, INC.",1,12233.00,0.00
"MONTFORD, VICKI",1,12203.62,0.00
CDW GOVERNMENT LLC,3,12106.95,0.00
"SKYE'S JANITORIAL, LLC",1,12000.00,0.00
"STANDLEY SYSTEMS, LLC",1,11913.81,0.00
SP PLUS CORPORATION,1,11888.52,0.00
"NETWORK INNOVATIONS US, INC.",1,11803.80,0.00
"RESOURCES UNLIMITED, LLC",2,11771.90,0.00
BLACKSTONE AND ASSOCIATES LLC,1,11730.00,0.00
CUMBERLAND SEPTIC SERVICES INC,1,11671.00,0.00
"ENTERPRISE LEASING COMPANY- SOUTHEAST, LLC",1,11652.42,0.00
TOWERGATE INFORMATICS INC INFORMATIQUES TOWERGATE INC,1,11640.00,0.00
NOVA TECHNOLOGY SOLUTIONS LLC,1,11603.00,0.00
BANEY CORPORATION,1,11562.00,0.00
IDEMIA IDENTITY & SECURITY USA LLC,1,11523.00,0.00
"PIONEER PRODUCTS, INC.",3,11471.55,0.00
"TRIDENT ENVIRONMENTAL GROUP, LLC",1,11451.00,0.00
"MOI, INC.",1,11376.27,0.00
"NORTH COUNTRY BUSINESS PRODUCTS, INC.",1,11326.89,0.00
VASTGLOBE LOGISTICS LLC,1,11304.21,0.00
"DIRECTV, LLC",4,11304.04,0.00
PORTFOLIO MEDIA INC,1,11295.00,0.00
JUST IN TIME CLEANING SERVICE LLC,1,11250.00,0.00
BOUND TREE MEDICAL LLC,1,11244.03,0.00
DJ PRODUCTS INC,1,11219.00,0.00
"BAER ENGINEERING & ENVIRONMENTAL CONSULTING, INC",1,11191.61,0.00
ISLAND PRINTING CO INC,1,11100.00,0.00
ARGON OFFICE SUPPLIES,1,11070.11,0.00
FILM WORKS WINDOW FILM LLC,1,11062.74,0.00
"EXECUTIVE INFORMATION SYSTEMS, L.L.C.",1,11025.00,0.00
"ROBERTS MOBILE HOME PARK, LLC",1,11002.50,0.00
"A1A2Z, INC.",1,10994.00,0.00
GC ENTERPRISES LLC,1,10941.95,0.00
TESSCO INCORPORATED,1,10929.73,0.00
"FLYING CARPETS CO., INC.",1,10881.54,0.00
"BEAVER PROPERTIES, L.C.",1,10850.46,0.00
NARIN LLC,3,10833.75,0.00
PATRIOT COMM LLC,1,10830.18,0.00
SHRED-IT USA LLC,3,10746.85,0.00
"REDEVELOPMENT RESOURCES, INC.",1,10744.41,0.00
AMERICAN MANAGEMENT ASSOCIATION INTERNATIONAL,1,10731.00,0.00
MADISON COUNTY ECONOMIC DEVELOPMENT AUTHORITY,1,10708.95,0.00
"REED VALENTINE , LLC",1,10650.00,0.00
ATMOS ENERGY CORPORATION,2,10589.49,0.00
RECOLOGY KING COUNTY INC.,2,10586.13,0.00
SKY BLUE BUILDERS LLC,1,10584.00,0.00
"E-LOGIC, INC.",1,10417.83,0.00
"ARCTIC OFFICE MACHINE, INC.",1,10400.00,0.00
JESUS M SANTOS NEGRON,1,10384.54,0.00
SECURITAS TECHNOLOGY CORPORATION,1,10370.46,0.00
INSTITUTE OF ELECTRICAL & ELECTRONICS ENGINEERS INC,1,10275.00,0.00
ARTISTRY LLC,1,10232.57,0.00
ESB PUERTO RICO CORP,1,10112.85,0.00
"ASSOCIATED PETROLEUM PRODUCTS, INC.",1,10000.00,0.00
NEW HORIZONS COMPUTER LEARNING CENTERS INC,1,9999.00,0.00
"UNITED STATES TOWER SERVICES, LIMITED",1,9998.23,0.00
"EMPIRE PROMOTIONAL RESOURCES, INC.",1,9991.22,0.00
GREEN IT SYSTEMS GROUP,1,9991.08,0.00
"GOVERNMENT SALES, LLC",1,9990.48,0.00
SAI SYSTEMS INTERNATIONAL INC,1,9989.97,0.00
"TRI STATE BUSINESS SYSTEMS, INC.",1,9982.50,0.00
"WASTE PRO OF FLORIDA, INC.",1,9871.66,0.00
MARCO TECHNOLOGIES LLC,1,9824.59,0.00
"SMITH JR, IRA M",1,9791.93,0.00
RCN COMMUNICATIONS LLC,1,9686.48,0.00
J.A. HANSEN COMPANY,1,9677.66,0.00
BEACH IT LLC,1,9652.25,0.00
"COMMUNICATIONS VEHICLE SERVICE, LLC",1,9585.00,0.00
"NV5 GEOSPATIAL SOLUTIONS, INC.",1,9536.25,0.00
"COURT REPORTERS, ETCETERA, INC.",2,9531.25,0.00
"FRENCH QUARTER, LLC",1,9528.00,0.00
"COPIER GUY, THE",1,9500.00,0.00
"SMITH, IAN",1,9500.00,0.00
"STONE'S OFFICE EQUIPMENT CO., INC.",1,9466.97,0.00
ROCKHURST UNIVERSITY CONTINUING EDUCATION CENTER INC,1,9393.60,0.00
"SCHNEIDER ELECTRIC IT USA, INC.",1,9293.98,0.00
"MAGNUM ELECTRONICS, INC",1,9168.00,0.00
"MIDWAY FORD TRUCK CENTER, INC.",2,9011.76,0.00
ONE SOURCE CONTRACTOR SERVICES CORP,1,9002.00,0.00
HERMEZ COMMUNICATIONS INC,1,8994.40,0.00
"L3HARRIS GLOBAL COMMUNICATIONS, INC.",1,8944.00,0.00
COMMUNICATIONS PROFESSIONALS INC.,1,8843.72,0.00
KLEARJET INC,1,8837.40,0.00
"APEX COMPANIES, LLC",1,8825.00,0.00
"PCMG, INC.",1,8795.86,0.00
INTERIOR RESOURCE GROUP INC,1,8775.00,0.00
"TRAFFIC SOLUTIONS LOUISIANA, LLC",1,8772.30,0.00
AINSWORTH SERVICES INC.,2,8770.00,0.00
UBEO WEST LLC,1,8740.40,0.00
MOMENTUM DECISIVE SOLUTIONS USA INC.,1,8650.00,0.00
SAFRAN TRUSTED 4D INC.,1,8643.00,0.00
ALLWORLD LANGUAGE CONSULTANTS INC,3,8594.42,0.00
GENSERVE LLC,1,8580.10,0.00
E&M ELECTRIC,1,8540.00,0.00
RIGGS CORP,2,8503.60,0.00
"MIDWAY TRAILERS, INC.",1,8492.00,0.00
BRICK TOWN REALTY CORP,1,8400.00,0.00
"AIRCARE ENVIRONMENTAL SERVICES, INC.",1,8377.60,0.00
TIME WARNER CABLE ENTERPRISES LLC,2,8349.19,0.00
GEMA CONTRACTOR SERVICE CORP.,1,8300.00,0.00
JOHN MACDIARMID,1,8260.00,0.00
"THE SHRED TRUCK, LLC",1,8254.00,0.00
"EPC INDUSTRIES, INC",1,8205.00,0.00
KENNETH BAKER,1,8163.28,0.00
"BEAM DISTRIBUTING, INC.",1,8160.00,0.00
ANDORI CLEANING SOLUTIONS,1,8043.75,0.00
BOYD CO. LLC,1,8007.09,0.00
KERWOOD SCOTT D,2,7940.00,0.00
PLAY LAND MARINE LLC,1,7925.00,0.00
"SAFETY-KLEEN SYSTEMS, INC.",1,7903.46,0.00
PERRY TROTMAN,1,7875.00,0.00
"D & L CONTRACTING SERVICES, INC.",1,7805.00,0.00
"BAYLISS, ROY",1,7800.00,0.00
TOWN OF MAYNARD TOWN HALL,4,7788.29,0.00
STATEWIDE SERVICES INC,1,7752.00,0.00
INTELSAT GENERAL COMMUNICATIONS LLC,1,7740.00,0.00
BLUEICE ENGINEERING LLC,1,7723.97,0.00
WAGONER COUNTY OKLAHOMA,1,7700.00,0.00
EPKO SUPPLY INC,1,7679.60,0.00
LRL VENTURES & MANAGEMENT,1,7674.75,0.00
ALDERWOOD WATER & WASTE WATER DISTRICT,2,7669.60,0.00
"NORTHLAND SUPPLY, INC.",1,7660.00,0.00
"HOLT TEXAS, LTD.",1,7650.00,0.00
CONSOLIDATED WASTE SERVICES LLC,1,7649.00,0.00
JJC EXTERMINATING CORP,2,7612.73,0.00
NUCLEAR REGULATORY COMMISSION,1,7600.00,0.00
"ARKANSAS COPIER CENTER, INC.",1,7556.90,0.00
"GRX PROPERTIES, LLC",1,7548.00,0.00
"STORAGE TRAILERS OF TEXAS, LLC",2,7535.00,0.00
"QUEZADA, JOSE",1,7500.00,0.00
"TEXTRON, INC",1,7493.10,0.00
CITY OF WHARTON,1,7460.80,0.00
"RESIDENCE INN BY MARRIOTT, LLC",1,7448.10,0.00
NIC4 INC,1,7430.00,0.00
TRUSTEES OF INDIANA UNIVERSITY,1,7400.00,0.00
"GILL, NAVREET",2,7266.68,0.00
MCGRATH RENTCORP,2,7208.00,0.00
TRIAL BY FIRE LLC,2,7089.46,0.00
PANEL BUILT INC,1,7000.00,0.00
"ABOVE AND BELOW MARINE SERVICES, LLC",1,7000.00,0.00
"ALLSHRED, INC",1,6936.02,0.00
ALLWAYS SHRED INC,3,6935.00,0.00
JKS OF WISCONSIN INC,1,6865.71,0.00
GCI COMMUNICATION CORP.,4,6771.71,0.00
AMERICAN SECURITY SHREDDING CORP,1,6708.00,0.00
CUMMINS INC.,1,6618.36,0.00
TEXAS RV GUYS LLC,1,6585.38,0.00
"AL BETZ & ASSOCIATES, INC.",2,6513.75,0.00
"EXCEL FACILITY MANAGEMENT GROUP, LLC",1,6439.68,0.00
DISPOSAL SERVICES LLC,2,6405.17,0.00
"I.S.C. SALES, INC.",1,6379.00,0.00
"METRO GOLF CARS, INC.",1,6350.00,0.00
QUODDY BUILDERS LLC,1,6340.00,0.00
"POLITICO, LLC",1,6280.00,0.00
MONO MACHINES LLC,1,6224.00,0.00
KNIGHT FACILITIES MANAGEMENT INC,1,6205.38,0.00
DATASAFE INC,3,6201.28,0.00
"JAB DISTRIBUTORS, LLC",1,6201.25,0.00
BEE DEVELOPMENT AUTHORITY,2,6183.73,0.00
HATTER MOBILE LLC,1,6149.87,0.00
"COPY SYSTEMS, INC.",2,6087.12,0.00
"ALL SYSTEMS, INC.",1,6085.65,0.00
G2J LLC,3,5993.16,0.00
HUCKEYE HEALTH SERVICES LLC,1,5976.00,0.00
WORDHAM PROPERTIES LLC,1,5906.66,0.00
MICRONESIAN TELECOMMUNICATIONS CORPORATION,1,5877.45,0.00
ELTEC SYSTEMS LLC,2,5873.67,0.00
"IFCO RECYCLING, INC.",3,5858.00,0.00
UNIVERSITY OF HAWAII,1,5696.00,0.00
"NATIONAL TRAVEL SERVICE, INC.",1,5625.00,0.00
PROMARK TECHNOLOGY INC,1,5612.48,0.00
TECHSYS TECH LLC,1,5594.15,0.00
"GL ANKENY FORD, LLC",1,5591.94,0.00
STEVENSON FORMEL FREIGHT SERVICES LLC,1,5538.40,0.00
BOSS BUSINESS SOLUTIONS LLC,1,5500.00,0.00
"SKYTEC, INC",1,5500.00,0.00
WINSTON-SALEM INDUSTRIES FOR THE BLIND INC,1,5468.50,0.00
"MILLER, KATHLEEN",1,5452.00,0.00
USA UP STAR LLC,1,5450.00,0.00
PEARSALL DARRYL BERNARD,2,5385.00,0.00
MISSISSIPPI POWER CO,2,5381.98,0.00
SERVEFED INC.,1,5336.00,0.00
"CALYPTUS CONSULTING GROUP, INC.",1,5294.00,0.00
"LOUISIANA LIFT AND EQUIPMENT, INC.",1,5122.98,0.00
ATC GROUP SERVICES LLC,1,5059.50,0.00
"A ROYAL FLUSH, INC.",1,5002.14,0.00
LEADERSHIP ALIVE INC,1,4950.00,0.00
BROOKS ENVIRONMENTAL SOLUTIONS LLC,2,4940.00,0.00
"LOTUSUSA, INC.",1,4911.80,0.00
PAONESSA ALFOMBRAS INC,1,4838.94,0.00
GENESIS ELECTRIC LLC,1,4794.17,0.00
DULUTH TRAVEL INC,1,4700.75,0.00
"INFINITY ELECTRICAL CONTRACTORS, INC",1,4700.00,0.00
RESIENCE INN WICHITA,2,4700.00,0.00
ESC AUTOMATION INC.,1,4685.00,0.00
CAROLYN SMITH-CLARK,5,4683.00,0.00
"SENDENT ENERGY, LLC",1,4673.33,0.00
MAXPRO ENTERPRISE LLC,2,4650.00,0.00
FEDERALLY EMPLOYED WOMEN,1,4600.00,0.00
"JOEL'S COLLISION REPAIR, LLC",1,4579.06,0.00
JAMES FURULI INVESTMENT CO INC,1,4576.00,0.00
DANIEL D LEEPER,1,4548.31,0.00
HAPPY HANDS CLEANING SERVICE LLC,1,4539.10,0.00
"ABS BUSINESS SYSTEMS, INC.",1,4520.00,0.00
"RYDER TRUCK RENTAL, INC.",1,4508.34,0.00
"ENVIRONMENTAL DATA RESOURCES, LLC",2,4480.00,0.00
FAIRFIELD INN & SUITES SCOTTSBLUFF,1,4455.00,0.00
"TRANSPORTATION, FLORIDA DEPARTMENT OF",1,4335.00,0.00
"GILMORE MOVING & STORAGE, INC",2,4260.00,0.00
"THE FRENCH CORNER CATERING, INC",1,4215.33,0.00
LINK UP MITAKA LIMITED,7,4209.58,0.00
"CULLIGAN ULTRAPURE, INC.",1,4204.50,0.00
CANTER INNS INC,1,4200.00,0.00
JEREMY MEYER,1,4158.80,0.00
"CENTRAL OIL OF BATON ROUGE, L.L.C.",6,4155.11,0.00
EHI LTD OF VIRGINIA,1,4098.96,0.00
"COMMERCIAL CHEMTECH, INC.",2,4070.00,0.00
"SUBURBAN PROPANE PARTNERS, L.P",1,4033.46,0.00
JEANNIE VAUGHN,1,4000.00,0.00
A & B CLEANING SERVICE INC,1,4000.00,0.00
PLANET DEPOS LLC,4,3985.95,0.00
LEXAM CONSULTING GROUP INC,1,3950.00,0.00
"AUGUST SCHELL ENTERPRISES, INC.",1,3950.00,0.00
TIMES PUBLISHING COMPANY,1,3923.05,0.00
STAR DEVELOPMENTS LLC,1,3900.00,0.00
"LOUISIANA DEPARTMENT OF CULTURE, RECREATION AND TOURISM",3,3900.00,0.00
"OUTHOUSE BOYS LLC, THE",1,3880.00,0.00
"ADVANCED EDUCATIONAL PRODUCTS, INC.",1,3840.00,0.00
HEIM JUSTIN R,1,3818.00,0.00
"NEWHOUSE ENTERPRISES, INC",1,3815.00,0.00
PHASE ASSOCIATES LLC,1,3811.00,0.00
"COFFIN, JAMES",1,3800.00,0.00
"ENMON ENTERPRISES, L.L.C",1,3772.00,0.00
JEANETTE E. SPERRY-LYMAN,1,3742.00,0.00
"BECKER, BERNARD W III",1,3720.00,0.00
FEDERAL KEY LLC,1,3716.18,0.00
"DS SERVICES OF AMERICA, INC.",2,3670.11,0.00
"PROFESSIONAL TOUCH MAINTENANCE SERVICES, INC.",1,3653.00,0.00
UBM ENTERPRISE INC,1,3617.25,0.00
"PENSKE TRUCK LEASING CO., L.P.",1,3609.40,0.00
INFORMA MEDIA LLC,2,3600.00,0.00
GSM CORPORATION,1,3595.78,0.00
WOOD RICHARD W,3,3593.00,0.00
"YORK, JOHN W",1,3576.00,0.00
"CERTIFIED TECHNICAL EXPERTS, INC.",1,3565.90,0.00
ALLEN W KNIPHFER,1,3500.00,0.00
"KOHLMAN-HOLT, KEVIN",1,3500.00,0.00
"MUNDY HOME CENTER, INC.",1,3490.80,0.00
"RIVER MILL DATA MANAGEMENT, LLC",1,3425.00,0.00
UNITED RENTALS NORTH AMERICA INC,1,3420.00,0.00
DONALD L COX,1,3420.00,0.00
"CS TRUCK AND TRAILER REPAIR SERVICES, INC.",1,3339.05,0.00
STRATCOM SYSTEMS INC,1,3333.48,0.00
"EAST TEXAS TOWERS, LLC",1,3327.00,0.00
"SUNPLUS DATA GROUP, INC.",1,3296.00,0.00
"VERTIV SERVICES, INC.",1,3252.55,0.00
ATLANTIC MAINTENANCE & TRUCKING SERVICES INC,1,3250.00,0.00
SAIPAN ICE & WATER CO INC,1,3235.00,0.00
EVERYTHING(S) EVENTFUL LLC,1,3209.80,0.00
TEAM PHUN LLC,1,3209.00,0.00
COHEN HAROLD C,1,3198.00,0.00
"ALS SAFETY AND TRAINING, LLC",1,3190.92,0.00
QUANTUM CORPORATION,1,3184.21,0.00
VERITEXT LLC,1,3179.85,0.00
"MEYER TRUCK CENTER, INC.",1,3140.90,0.00
VIKING SHRED LLC,1,3118.96,0.00
PACIFIC UNLIMITED INC,1,3093.28,0.00
JAFRI BROTHERS LLC,1,3090.00,0.00
JUAN M BANUELOS,2,3072.02,0.00
"WASTE MANAGEMENT OF ILLINOIS, INC.",2,3031.32,0.00
CHICAGO PESTS LLC,1,3028.20,0.00
"MCLARTY JCFO, LLC",1,3024.07,0.00
"CAREY REDDICK ENTERPRISE, LLC",1,3000.00,0.00
"HECKLER, KEITH",1,2999.98,0.00
GREGORY T LOGAN,1,2999.00,0.00
CARL D WREN,1,2987.50,0.00
"A, C & T CO., INC.",1,2982.14,0.00
"CONNERS, ALBERT",1,2960.00,0.00
"NEARY, KEVIN P",1,2950.00,0.00
CITY OF HEARNE,1,2940.99,0.00
SHRED KING CORPORATION,1,2930.00,0.00
"K. G. HENNING AND ASSOCIATES, LLC",1,2900.00,0.00
COMLABS GOVERNMENT SYSTEMS INC,1,2895.00,0.00
"JUNOVENTURE, LLC",1,2863.56,0.00
"LEX REPORTING SERVICE, INC.",1,2849.00,0.00
PEOPLEREADY INC,3,2817.35,0.00
"SYMQUEST GROUP, INC",1,2812.50,0.00
W.R. JOYCE INCORPORATED,1,2806.25,0.00
"BALDWIN CONTAINER COMPANY, L.L.C.",1,2798.60,0.00
"ALBANY AND ALABAMA INDUSTRIES, (INC.)",1,2670.00,0.00
E.J. DEL MONTE CORP.,1,2635.20,0.00
"WILSON & WILSON, INC",1,2617.21,0.00
"ACE DATA STORAGE, INC.",4,2590.00,0.00
"FANCY FLUSH, INC.",1,2550.00,0.00
"TURK'S KERN COPY, INC.",1,2517.00,0.00
DAVID E HOLMERUD,1,2500.00,0.00
RAMM CONSULTING INC.,1,2500.00,0.00
JENN ELECTRIC SERVICE INC.,1,2472.00,0.00
ALDERSON REPORTING CO INC,3,2463.40,0.00
C & J SHREDDING CO. LLC,1,2460.00,0.00
BOTACH INC.,1,2459.60,0.00
ERIC SORCHIK,1,2450.00,0.00
"NEW YORK STATE FLOODPLAIN AND STORMWATER MANAGERS ASSOCIATION, INC.",1,2425.00,0.00
"PLANET SATELLITE, INC",2,2400.00,0.00
"ELECTRO-MOTION, INC.",1,2390.00,0.00
NOVA TERRA INC,1,2387.55,0.00
"MAGIC SHRED, INC.",2,2378.98,0.00
J & M ASSOCIATES,1,2375.00,0.00
"BROWN'S GAS COMPANY, INC.",1,2317.90,0.00
JACKSON EVANS,1,2300.00,0.00
"COBI, INC.",2,2296.00,0.00
"INTEGRITY SHRED, LLC",2,2277.62,0.00
"GFR MEDIA, LLC",1,2276.60,0.00
CLARK DAVID PAUL,1,2250.00,0.00
VISIONARY INTEGRATION PROFESSIONALS LLC,1,2212.50,0.00
ARKANSAS RECORDS MANAGEMENT INCORPORATED,2,2188.75,0.00
"SERPAS COURT REPORTING, LLC",3,2172.05,0.00
"TEAM HENRY ENTERPRISES, LLC",1,2170.00,0.00
"PAT CONSTRUCTION & P.G. ELECTRIC, LLC",1,2167.16,0.00
ISLE INTERPRET LLC,2,2157.92,0.00
MCGARITY POSTELL SANDRA TERESA,1,2150.00,0.00
CAROLYN SLOAN,1,2071.59,0.00
ITBB ENTERPRISE GROUP INC.,1,2036.03,0.00
COURTYARD MANAGEMENT CORPORATION,1,2010.00,0.00
455 HOSPITALITY LLC,1,2000.00,0.00
"AMERICAN COURT REPORTING CO., INC.",2,1958.55,0.00
UNIVERSITY OF MISSOURI SYSTEM,1,1950.00,0.00
GARY L CHASE,1,1925.00,0.00
"LKA COMPUTER CONSULTANTS, INCORPORATED",1,1925.00,0.00
EDWARD J. GUTMAN,1,1800.00,0.00
COUNTY COURT REPORTERS INC,1,1755.50,0.00
VERBATIM REPORTING PUERTO RICO,1,1726.00,0.00
BROWN GERMANN ENTERPRISES INC,1,1725.00,0.00
QUALTECH GROUP LLC,1,1698.30,0.00
"BCI HOLDINGS, LLC DBA TEXAS BCI HOLDINGS, LLC",1,1680.37,0.00
"RAVENTEK SOLUTION PARTNERS, LLC",1,1664.00,0.00
BAY COUNTY BOARD OF COUNTY COMMISIONERS,1,1659.23,0.00
RAYMOND A WALKER,1,1650.00,0.00
"GOPURA, LLC",1,1650.00,0.00
"COPIER WORD PROCESSING SUPPLY, INC.",1,1648.79,0.00
COMMUNIQUE INTERPRETING INC,1,1644.87,0.00
NORTH CAROLINA BOTTLED WATER CO INC,1,1607.65,0.00
"THOMPSON, JAMES C",1,1600.00,0.00
"XL ASSOCIATES, INC.",1,1600.00,0.00
"LOSCO, INC.",1,1570.66,0.00
"DEPENDABLE PRINTER SUPPORT, INC.",1,1535.00,0.00
FACILITY MAINTENANCE CORP LLC,1,1526.66,0.00
FRW CORPORATION,1,1499.00,0.00
KONEXUS INC,1,1495.00,0.00
DENNIS WYDRA EDUCATION SERVICES,1,1450.00,0.00
"BROASTER OF LOUISIANA, INC.",1,1442.00,0.00
CYPRESS PARTNERSHIP LTD,1,1380.00,0.00
"DOCUMENT DESTRUCTION OF VIRGINIA, LLC",1,1376.00,0.00
"PILANT COURT REPORTING, LTD.",1,1352.80,0.00
"C C DISTRIBUTORS, INC.",1,1339.80,0.00
"REICHENBACH, PAUL",1,1300.00,0.00
JLCNFTD HOLDINGS INC,1,1287.15,0.00
"WASTE MANAGEMENT OF CAROLINAS, INC.",1,1273.24,0.00
JOHN S SENFT,2,1260.00,0.00
DIVINE IMAGING INC.,2,1253.96,0.00
"MCGARY, ROGER A.",1,1250.00,0.00
ALPHAPOINTE,1,1245.92,0.00
TRIPLE J RENTALS MICRONESIA INC,1,1234.46,0.00
"COPANO SANDS, LLC",1,1195.73,0.00
JAMES P SMITH,1,1180.00,0.00
MORNING STAR INDUSTRIES INC,1,1144.80,0.00
"KNIGHTHORST SHREDDING, LLC",4,1135.20,0.00
"ASSOCIATED REPORTERS, INC.",1,1113.50,0.00
A1 DATASHRED LLC,1,1090.00,0.00
"SHRED-A-WAY, LLC",1,1080.00,0.00
DAVID ZINTHER,1,1055.00,0.00
"KEMPFER COURT REPORTING, INC.",1,1000.00,0.00
SEDRIC KETCHUM SR,1,998.00,0.00
"UNITED SITE SERVICES NORTHEAST, INC.",3,978.89,0.00
"ALLIED WASTE SERVICES OF NORTH AMERICA, LLC",1,959.00,0.00
"BOSTON TRAILER, LLC",1,941.93,0.00
"WASTE CONNECTIONS OF SOUTH DAKOTA, INC",1,928.43,0.00
"AVM TECHNOLOGIES, INC.",1,920.00,0.00
PELLITTERI WASTE SYSTEMS INC,1,919.73,0.00
"DUKE ENERGY FLORIDA, LLC",1,902.06,0.00
"PODS ENTERPRISES, LLC",1,901.19,0.00
WILLIAM MACKAY,2,900.00,0.00
"GERALD HANSON & ASSOCIATES, INC.",1,872.00,0.00
VERREX LLC,1,835.00,0.00
SAIPAN STEVEDORE COMPANY INC,1,834.48,0.00
"WASTE INDUSTRIES, LLC",1,824.84,0.00
COMMONWEALTH OF VIRGINIA DEPARTMENT OF HISTORIC RESOURCES,1,800.00,0.00
"APPINO & BIGGS REPORTING SERVICES, INC.",1,796.25,0.00
F & W RESOURCES,1,774.62,0.00
"DART PORTABLE STORAGE, INC.",1,760.00,0.00
"BEACON TRAINING SERVICES, INC.",1,707.50,0.00
DICKTEL INC,1,705.65,0.00
THOMAS OST-PRISCO,1,700.00,0.00
"WASTE SOLUTIONS OF IOWA, LLC",1,660.00,0.00
FEDERAL MERCHANTS CORP.,1,648.00,0.00
"PARKS PORTABLE TOILETS, INC.",1,642.80,0.00
BAHFED CORP,1,635.42,0.00
"WENDY WARD ROBERTS & ASSOCIATES, INC.",1,634.90,0.00
"EXECUTIVE OFFICELINX, INC.",1,604.38,0.00
"ENTERPRISE TECHNOLOGY SOLUTIONS, INC.",1,580.84,0.00
"ALLCLEAR ID, INC.",1,562.52,0.00
"BARKLEY COURT REPORTERS, INC.",1,560.65,0.00
3N DOCUMENT DESTRUCTION INC,1,560.00,0.00
"KENSLER JR, EDWARD H",1,550.00,0.00
"PS3 ENTERPRISES, INC.",1,520.00,0.00
U.S. BANK NATIONAL ASSOCIATION,1,500.00,0.00
"SPEIGHT GROUP MANAGEMENT, LLC, THE",1,490.70,0.00
"NOBLE SUPPLY & LOGISTICS, LLC",1,482.00,0.00
JEFFREY T MITCHELL PHD PA,1,465.00,0.00
"PORT ST JOE, CITY OF",1,458.13,0.00
"SHRED-EX, LLC",1,450.00,0.00
SHREDDING AND STORAGE UNLIMITED LLC,1,444.96,0.00
"A & B BUSINESS, INC.",1,426.93,0.00
"KARD RECYCLING SERVICE, INC.",1,426.00,0.00
DEBRA J JARVIS ASSOCIATES LLC,1,425.00,0.00
TRIPLE B FORWARDERS GUAM INC,1,424.58,0.00
ROYAL DOCUMENT DESTRUCTION INC,1,407.88,0.00
"FRONTIER ACCESS, LLC.",1,373.62,0.00
"TRAFFIC & PARKING CONTROL CO., LLC",1,336.00,0.00
"NORTHEAST RECORD RETENTION NORTH, LLC",1,320.00,0.00
BAY AREA SECURITY SHRED,1,314.00,0.00
"WALKER AND ASSOCIATES, INC.",1,293.06,0.00
"DENTAL PRODUCTS AND SERVICE, INC.",1,266.44,0.00
"DONALD N. HUGHES, JR",1,179.70,0.00
"COLONIAL SCIENTIFIC, INC.",1,160.40,0.00
VITAL RECORDS CONTROL LLC,2,150.00,0.00
CITY OF MEXICO BEACH,1,94.02,0.00
TINIAN ICE AND WATER BOTTLING CO,1,63.50,0.00
"EVERBRIDGE, INC.",1,1.00,0.00
MICHAEL CHIARAMONTE,1,0.00,0.00
IOWA HOMELAND SECURITY AND EMERGENCY MANAGEMENT DEPARTMENT,1,0.00,0.00
"E-VOLVE PARTNERS, INC.",1,0.00,0.00
PLANET SAFETY CONSULTING GROUP LLC,1,0.00,0.00
"PEERLESS MANAGEMENT, LLC",1,0.00,0.00
"TIMBERLINE HOMES OF LOUISIANA, L.L.C.",1,0.00,0.00
COMMUNICATION SERVICES FOR THE DEAF AND HARD OF HEARING INC,1,0.00,0.00
ACQUISITION RESEARCH & LOGISTICS INC,1,0.00,0.00
REED ELECTRICAL POWER SYSTEMS LLC,1,0.00,0.00
"ADTECH SYSTEMS RESEARCH, INC",1,0.00,0.00
WEST PUBLISHING CORPORATION,1,0.00,0.00
"PUBLIC SAFETY, NEVADA DEPARTMENT OF",2,0.00,0.00
"GLOBAL INDUSTRIES, INC.",1,0.00,0.00
HOMELAND LANGUAGE SERVICES LLC,1,0.00,0.00
"AMERICAN SAMOA DEPARTMENT OF PUBLIC SAFETY, MOTOR CARRIER S",1,0.00,0.00
WHR LLC,1,0.00,0.00
CALIFORNIA DEPARTMENT OF PARKS & RECREATION,1,0.00,0.00
"R & S HOSPITALITY, LLC",1,0.00,0.00
AEP TEXAS INC.,1,0.00,0.00
SBC TECHNOLOGY PARTNERS INCORPORATED,1,0.00,0.00
"WESTEND ENTERPRISES UNLIMITED, INC.",1,0.00,0.00
JAN-PRO OF MISSISSIPPI INC,1,0.00,0.00
"NEAL, ZACHARY L",1,0.00,0.00
"KINNE ASSOCIATES, LLC",1,0.00,0.00
AUTOMAX RENT A CAR INC,1,0.00,0.00
GDS ATLANTA LLC,1,0.00,0.00
"GOODWILL INDUSTRIES OF KANAWHA VALLEY, INC",1,0.00,0.00
"FEDERAL GOVERNMENT EXPERTS, LLC",1,0.00,0.00
"SP OPERATIONS, LLC",1,0.00,0.00
NATIONAL FLOOD DETERMINATION ASSOCIATION,1,0.00,0.00
"METRO PUERTO RICO, LLC",1,0.00,0.00
BUNKERS OF ST CROIX INC,1,0.00,0.00
MICHIGAN EXPEDITED LOGISTICS LLC,1,0.00,0.00
"GLADIUS WPTB, LLC",1,0.00,0.00
"LEW HENLEY SEWAGE DISPOSAL, LLC",1,0.00,0.00
AUTORIDAD DE TIERRAS DE PUERTO RICO,1,0.00,0.00
"SHOFUR, LLC",1,0.00,0.00
"HAYES, RAMON",1,0.00,0.00
AMERICAN CONSOLIDATED PARTNERS INC.,1,0.00,0.00
"GARNER GLOBAL SOLUTIONS, LLC",1,0.00,0.00
TRUTRIBE CORPORATION,1,0.00,0.00
PNS HOLDINGS LLC,1,0.00,0.00
MOTORCITY SOLAR ENERGY INC.,3,0.00,0.00
NOELANI VENTURES L.L.C,1,0.00,0.00
STRETCHER STOPPER LLC,1,0.00,0.00
"SMITH, EDWARD HOLLINGER",1,0.00,0.00
NORTHWEST REGIONAL FLOODPLAIN MANAGEMENT ASSOCIATION,1,0.00,0.00
"BOWEN OPERATIONS, INC.",1,0.00,0.00
ANA SOURCING LLC,1,0.00,0.00
YARO SUPPLY CO,1,0.00,0.00
PANTHERA WORLDWIDE LLC,1,0.00,0.00
NATASHA T. LEDOUX-SONOMA,1,0.00,0.00
"RUCKER, GWENDOLYN",1,0.00,0.00
TEAM SYSTEMS INTERNATIONAL LLC,1,0.00,0.00
THE NATIONAL CENTER FOR MISSING AND EXPLOITED CHILDREN,1,0.00,0.00
GLOBAL COMPUTERS AND NETWORKS LLC,1,0.00,0.00
RAVE WIRELESS INC,1,0.00,0.00
DIANA OSBERG REPORTING SERVICES INC,1,0.00,0.00
UL LLC,3,0.00,0.00
"ESCRIBERS, LLC",1,0.00,0.00
FEIGENBAUM CHARLES,1,0.00,0.00
OLENDER REPORTING INC.,1,0.00,0.00
SUPPLIES NOW INC,1,0.00,0.00
DRAUGHN & ASSOCIATES INC,2,0.00,0.00
"PLATINUM BUSINESS SERVICES, LLC",1,0.00,0.00
PIRATE GIRL LLC,1,0.00,0.00
"HENRY SCHEIN, INC.",1,0.00,0.00