Award ID,Recipient,Amount,Extent Competed,Offers Received,Set Aside Type
W58P0522C0002,"GLAXOSMITHKLINE, LLC",1597461996,D,1,NONE
FA872119F0004,CREDENCE MANAGEMENT SOLUTIONS LIMITED LIABILITY COMPANY,180088607.9,D,1,
SPE60324C5001,QATEX LIMITED,97591894.16,F,1,NONE
FA862220F8145,CREDENCE MANAGEMENT SOLUTIONS LIMITED LIABILITY COMPANY,54168701.84,D,1,
FA521523F0011,POND-CDM SMITH JV LP,42578764.58,A,1,
SPE60524P9520,RED STAR ENTERPRISES LIMITED FZCO,29900000,F,1,NONE
W912HY20F0041,FNI COWI & CDM SMITH JV,24812284.99,A,1,
FA872120F0001,CREDENCE MANAGEMENT SOLUTIONS LIMITED LIABILITY COMPANY,23035473.07,D,1,
N6264923F0463,"SUMITOMO HEAVY INDUSTRIES, LTD",16919391,A,1,NONE
N0010423CK051,MARTIN-BAKER AIRCRAFT COMPANY LIMITED,14759126.68,A,1,NONE
FA853421C0004,STERIPACK USA LIMITED LLC,14640000,A,1,NONE
W911S223F8510,ARMITAGE SAI JV,13256534,D,1,
FA520923F0018,CDM FEDERAL PROGRAMS CORPORATION,12200618.93,A,1,
W9126G19F0298,"GIDEON CONTRACTING, LIMITED LIABILITY COMPANY",11997315.25,D,1,
FA830721F0005,NETORIAN LIMITED LIABILITY COMPANY,10022234.3,A,1,
W9126G21F0385,FNI COWI & CDM SMITH JV,9985806.55,A,1,
SPE60318C5018,PIKE FUELS LIMITED PARTNERSHIP,9889715.26,A,1,NONE
N4034522F0295,UNITHAI SHIPYARD & ENGINEERING LIMITED - BRANCH,9327423,A,1,NONE
W912GB23F0342,INDUSTRIEANLAGEN-BETRIEBSGESELLSCHAFT MIT BESCHRÄNKTER HAFTUNG,8157567.64,A,1,
HE125422C0004,"SUMITOMO MITSUI AUTO SERVICE COMPANY , LIMITED",6603670.44,A,1,NONE
W909MY14C0029,SENSORS UNLIMITED INC,6414948.54,A,1,NONE
W9126G19F0001,"GIDEON CONTRACTING, LIMITED LIABILITY COMPANY",6006383.29,D,1,
W912HQ23F0166,CDM FEDERAL PROGRAMS CORPORATION,5954216.72,A,1,
W9128F23F0054,"GIDEON CONTRACTING, LIMITED LIABILITY COMPANY",5678419.81,D,1,SBA
N6264924F0037,MARSHALL OF CAMBRIDGE AEROSPACE LIMITED,5677427.61,A,1,
N4008423C0403,"MITOMO CO., LTD.",5588266.83,A,1,NONE
W9126G22F0449,"GIDEON CONTRACTING, LIMITED LIABILITY COMPANY",5464815,A,1,
0049,BAE SYSTEMS INFORMATION TECHNOLOGY LIMITED LIABILITY COMPANY,5455910.52,A,1,NONE
FA558722C0003,COMPASS CONTRACT SERVICES (U.K.) LIMITED,5080516.01,A,1,NONE
N6264924F0232,MARSHALL OF CAMBRIDGE AEROSPACE LIMITED,4741593.38,A,1,
N4034523F8004,"AUSTAL USA, LLC",4542676.72,A,1,
N6264923F1060,"SUMITOMO HEAVY INDUSTRIES, LTD",4506090.4,A,1,NONE
SP470122F0126,CREDENCE MANAGEMENT SOLUTIONS LIMITED LIABILITY COMPANY,4374345.07,D,1,
W911QY23C0087,REVISION MILITARY LIMITED,4252031,A,1,NONE
N4034523F0202,UNITHAI SHIPYARD & ENGINEERING LIMITED - BRANCH,4174937,A,1,NONE
FA865114C0119,"CACI AZURE SUMMIT TECHNOLOGY, LLC",4076356.18,D,1,SBA
DK03,CDM FEDERAL PROGRAMS CORPORATION,3797464.72,A,1,
N6264923F1038,"SUMITOMO HEAVY INDUSTRIES, LTD",3569127.12,A,1,NONE
N6264922F1047,"SUMITOMO HEAVY INDUSTRIES, LTD",3373985.42,A,1,NONE
N6264922F0963,"SUMITOMO HEAVY INDUSTRIES, LTD",3299916.12,A,1,NONE
W912QR23F0346,"RSP ARCHITECTS, LIMITED",3196867.75,A,1,
N6600122F0482,TECHNOLOGY UNLIMITED GROUP,3196000,A,1,
SP470921F0042,CREDENCE MANAGEMENT SOLUTIONS LIMITED LIABILITY COMPANY,3160687.2,A,1,8AN
W9127821F0168,"SHERLOCK, SMITH & ADAMS-CLARK NEXSEN JOINT VENTURE",3073851.46,A,1,
N6600122F0660,TECHNOLOGY UNLIMITED GROUP,3071798.24,A,1,
N0038321CN036,ONTIC ENGINEERING & MANUFACTURING UK LIMITED,3051563.1,A,1,NONE
W9132T23C0016,TRIMBLE INC,2997750,A,1,NONE
HC102818F0739,CREDENCE MANAGEMENT SOLUTIONS LIMITED LIABILITY COMPANY,2868143.77,D,1,
W9127820F0095,"SHERLOCK, SMITH & ADAMS-CLARK NEXSEN JOINT VENTURE",2828350.17,A,1,
W911KB22C0022,"PAUG-VIK CONTRACTORS, LLC",2779683,A,1,NONE
SPRHA523C0005,R2C LIMITED LIABILITY COMPANY,2779600.12,D,1,SBA
W912GB22F0419,INDUSTRIEANLAGEN-BETRIEBSGESELLSCHAFT MIT BESCHRÄNKTER HAFTUNG,2739760.02,A,1,
N4008422F4703,MITOMO MARUTAKA JV,2734642.02,A,1,
W912QR23F0206,"RSP ARCHITECTS, LIMITED",2512100,A,1,
N4034523F0446,MARUNDA PRIVATE LIMITED,2332320.8,A,1,NONE
SPE7M523P4588,CHELTON LIMITED,2283388,F,1,NONE
W9126G21F0136,"SHERLOCK, SMITH & ADAMS PAGESOUTHERLANDPAGE JOINT VENTURE",2279528.34,A,1,
N6824622F0573,"SUMITOMO HEAVY INDUSTRIES, LTD",2207054.56,A,1,NONE
N6264924F0057,"SUMITOMO HEAVY INDUSTRIES, LTD",2172535.33,A,1,NONE
N6264922F0295,"SUMITOMO HEAVY INDUSTRIES, LTD",2167860,A,1,NONE
W9123820P0027,SEAN W SMITH INC,2025941.5,F,1,SBA
N6264922F0531,"SUMITOMO HEAVY INDUSTRIES, LTD",2014551,A,1,NONE
SPE7L323C0018,BELDAM CROSSLEY LIMITED,1999993.68,F,1,NONE
N4008422C0100,"MITOMO CO., LTD.",1831792.6,A,1,NONE
SPE4A723F3884,MARTIN-BAKER AIRCRAFT COMPANY LIMITED,1786211.4,F,1,NONE
N6264924F0046,"SUMITOMO HEAVY INDUSTRIES, LTD",1753682.86,A,1,NONE
N6264923F0126,"SUMITOMO HEAVY INDUSTRIES, LTD",1734101.84,A,1,NONE
N6824622F0476,"SUMITOMO HEAVY INDUSTRIES, LTD",1697104.17,A,1,NONE
SPE4A622P0225,GOODRICH LIMITED,1624997.5,F,1,NONE
N0017318C2008,SMITHS INTERCONNECT INC,1529090.88,A,1,NONE
SP470120C0024,VIZZ LIMITED LIABILITY COMPANY,1475856,D,1,8A
W9128F22F0105,"GIDEON CONTRACTING, LIMITED LIABILITY COMPANY",1474427.92,D,1,
N6264924F0223,DOWNIE JONES SHIP STORES LIMITED,1470887.7,A,1,
N6264923F0875,"SUMITOMO HEAVY INDUSTRIES, LTD",1449053.56,A,1,NONE
W912GB23F0396,INDUSTRIEANLAGEN-BETRIEBSGESELLSCHAFT MIT BESCHRÄNKTER HAFTUNG,1439718.97,A,1,
N6264922F1020,"SUMITOMO HEAVY INDUSTRIES, LTD",1407370.07,A,1,NONE
FA821222C0014,MITEK ANALYTICS LLC,1385000,D,1,SBA
W911QY22C0029,REVISION MILITARY LIMITED,1380941,A,1,NONE
W9128F21F0122,"SHERLOCK, SMITH & ADAMS PAGESOUTHERLANDPAGE JOINT VENTURE",1345957.72,A,1,
FA520921P0007,NIPPON BLDG.CARE LIMITED,1334044.6,A,1,NONE
N6264923F1007,"SUMITOMO HEAVY INDUSTRIES, LTD",1313051.27,A,1,NONE
SPE4A723F5200,MARTIN-BAKER AIRCRAFT COMPANY LIMITED,1307943.87,F,1,NONE
SPE4A723F9830,MARTIN-BAKER AIRCRAFT COMPANY LIMITED,1250707.25,F,1,NONE
N6264923F0366,"SUMITOMO HEAVY INDUSTRIES, LTD",1243902.32,A,1,NONE
N6264922F0748,"SUMITOMO HEAVY INDUSTRIES, LTD",1234820.13,A,1,NONE
N6264924F0097,MARSHALL OF CAMBRIDGE AEROSPACE LIMITED,1204587.16,A,1,
W912EE23F0108,CDM FEDERAL PROGRAMS CORPORATION,1200947.42,A,1,
W912DY21F0613,"SHERLOCK, SMITH & ADAMS PAGESOUTHERLANDPAGE JOINT VENTURE",1178843,A,1,
N6264923F0228,"SUMITOMO HEAVY INDUSTRIES, LTD",1153869.99,A,1,NONE
W911PT23P0059,MITSUBISHI CHEMICAL CARBON FIBER & COMPOSITES INC,1142000,F,1,NONE
N4008419C0017,"SUMITOMO MITSUI AUTO SERVICE COMPANY, LIMITED",1106918.86,F,1,NONE
W912HQ22C0101,MARITIME STRATEGIES INTERNATIONAL LIMITED,1093900,A,1,NONE
W912HQ21C0012,CDM FEDERAL PROGRAMS CORPORATION,1070542,A,1,NONE
W912HQ22F0235,CDM FEDERAL PROGRAMS CORPORATION,1034214.67,A,1,
SPE4A722F6283,MARTIN-BAKER AIRCRAFT COMPANY LIMITED,1022812.66,F,1,NONE
SPE4A722F6282,MARTIN-BAKER AIRCRAFT COMPANY LIMITED,1022812.66,F,1,NONE
N6264922P0156,NIPPON CATERPILLAR LIMITED LIABILITY COMPANY,1014680.46,F,1,NONE
FA481922F0105,POND-CDM SMITH JV LP,999840.48,A,1,
W912DQ21F3047,CDM FEDERAL PROGRAMS CORPORATION,983234,A,1,
W912QR23F0339,"RSP ARCHITECTS, LIMITED",969286,A,1,
SPE4A723F3110,MARTIN-BAKER AIRCRAFT COMPANY LIMITED,966978.24,F,1,NONE
N4034523F0291,MARUNDA PRIVATE LIMITED,955408.33,A,1,NONE
FA520521P0032,"SMITH, ROBERT",938290.27,F,1,NONE
W912HQ22F0234,CDM FEDERAL PROGRAMS CORPORATION,933779.01,A,1,
N6264924F0162,"SUMITOMO HEAVY INDUSTRIES, LTD",933328.51,A,1,NONE
FA255018F1058,CDM FEDERAL PROGRAMS CORPORATION,912333.13,A,1,
N0038319FAJ05,GOODRICH ACTUATION SYSTEMS LIMITED,908970.48,A,1,NONE
N6264922F0785,"SUMITOMO HEAVY INDUSTRIES, LTD",888302.08,A,1,NONE
N0003023C4205,ARMITEK LLC,887294,D,1,SBA
N6264923F0885,"SUMITOMO HEAVY INDUSTRIES, LTD",847831.3,A,1,NONE
FA930219C0007,DAVID GLEN MITCHELL,837363,F,1,SBA
N6264924F0146,"SUMITOMO HEAVY INDUSTRIES, LTD",826074.83,A,1,NONE
N6264922F1015,"SUMITOMO HEAVY INDUSTRIES, LTD",786455.78,A,1,NONE
SPE7L323P2435,BELDAM CROSSLEY LIMITED,783057.6,F,1,NONE
N6264924F0003,"SUMITOMO HEAVY INDUSTRIES, LTD",768364.55,A,1,NONE
N6264923F0916,"SUMITOMO HEAVY INDUSTRIES, LTD",767737.31,A,1,NONE
W912QR19F0361,"RSP ARCHITECTS, LIMITED",764394,A,1,
SPE4A723F8173,MARTIN-BAKER AIRCRAFT COMPANY LIMITED,760534.97,F,1,NONE
W912QR23F0076,"RSP ARCHITECTS, LIMITED",748823,A,1,
W912HQ20C0075,"IPKEYS POWER PARTNERS, INC.",745009.91,A,1,NONE
W912JF20F0017,GOLDSCHMITT AND ASSOCIATES LLC,741114.78,D,1,8AN
HE125419P0021,SMITHSONIAN INSTITUTION,722913.84,A,1,NONE
N6264923F0374,"SUMITOMO HEAVY INDUSTRIES, LTD",716049.53,A,1,NONE
N0038323FZ802,GOODRICH ACTUATION SYSTEMS LIMITED,712255,F,1,NONE
W911QY21C0117,REVISION MILITARY LIMITED,708181,A,1,NONE
W81XWH18F0171,"WOODBURY TECHNOLOGIES, INC.",701577.03,D,1,
SPE4A713C0165,"MD3 INDUSTRIES, LIMITED",697500,D,1,SBA
N6264923F0710,"SUMITOMO HEAVY INDUSTRIES, LTD",694969.1,A,1,NONE
W912HQ22F0243,CDM FEDERAL PROGRAMS CORPORATION,691359.52,A,1,
W912DS23F0030,CDM SMITH-ARCADIS-WSP TRIVENTURE,689669.4,A,1,
W9128F19F0085,CDM FEDERAL PROGRAMS CORPORATION,686765.85,A,1,
N6264922F0826,"SUMITOMO HEAVY INDUSTRIES, LTD",685111.08,A,1,NONE
W912HQ22F0248,CDM FEDERAL PROGRAMS CORPORATION,681546.6,A,1,
W50S8E23F0007,POND-CDM SMITH JV LP,679286,A,1,
N6264923F0539,"SUMITOMO HEAVY INDUSTRIES, LTD",678301.6,A,1,NONE
N6264923F0456,"SUMITOMO HEAVY INDUSTRIES, LTD",672178.65,A,1,NONE
N6264924F0049,MARSHALL OF CAMBRIDGE AEROSPACE LIMITED,666256.79,A,1,
N6264923F0151,"SUMITOMO HEAVY INDUSTRIES, LTD",656190.11,A,1,NONE
SPE4A723F5766,MARTIN-BAKER AIRCRAFT COMPANY LIMITED,651658.9,F,1,NONE
N6264923F0699,"SUMITOMO HEAVY INDUSTRIES, LTD",642777.98,A,1,NONE
W56KGZ23P6015,MASAR AL-TAMKEEN COMPANY FOR OIL AND DIESEL SERVICES LIMITED,642688.1,F,1,NONE
N6264924F0032,DOWNIE JONES SHIP STORES LIMITED,610756.3,A,1,
W9128F23F0263,"GIDEON CONTRACTING, LIMITED LIABILITY COMPANY",609766.37,D,1,
N6264922F0799,"SUMITOMO HEAVY INDUSTRIES, LTD",596002.46,A,1,NONE
N6264924F0192,MARSHALL OF CAMBRIDGE AEROSPACE LIMITED,595375,A,1,
N6824623F0575,"MITSUBISHI HEAVY INDUSTRIES, LTD",592582.65,A,1,NONE
W9127N22P0088,"WESTERN MACHINE WORKS, LLC A LIMITED LIABILITY COMPANY OF DELAWARE",590410,F,1,SBA
M6785404C3000,CYRANO SCIENCES INC,581896,D,1,NONE
SPE7M518C0009,MOOG WOLVERHAMPTON LIMITED,559554.48,F,1,NONE
W50S8H23F0004,POND-CDM SMITH JV LP,555269,A,1,
N0010422PNC57,"GLOBE COMPOSITE SOLUTIONS, LLC",548450,F,1,NONE
N6264924F0116,MARSHALL OF CAMBRIDGE AEROSPACE LIMITED,547547.58,A,1,
FA561323F0457,BUCHART-HORN GESELLSCHAFT MIT BESCHRANKTER HAFTUNG,543368.95,A,1,
N6824622F1296,"MITSUBISHI HEAVY INDUSTRIES, LTD",542875.73,A,1,NONE
N6264922F0947,"SUMITOMO HEAVY INDUSTRIES, LTD",538801.36,A,1,NONE
N6264924F0076,MARSHALL OF CAMBRIDGE AEROSPACE LIMITED,531839.39,A,1,
N6264923F0581,"SUMITOMO HEAVY INDUSTRIES, LTD",530983.39,A,1,NONE
N6264923F0375,DOWNIE JONES SHIP STORES LIMITED,519750,A,1,
W51AA124F0059,TEXTAINER EQUIPMENT MANAGEMENT (U.S.) LIMITED,513668.85,A,1,
W912P422F0035,"ATLANTIC TESTING LABORATORIES, LIMITED",512777,D,1,
N6264923F0660,"SUMITOMO HEAVY INDUSTRIES, LTD",499966.78,A,1,NONE
N6264923F0605,"SUMITOMO HEAVY INDUSTRIES, LTD",498035.95,A,1,NONE
W9127821F0136,"SHERLOCK, SMITH & ADAMS-CLARK NEXSEN JOINT VENTURE",496317.08,A,1,
N6264923F0711,MARSHALL OF CAMBRIDGE AEROSPACE LIMITED,495743.09,A,1,
W25G1V23F0098,TEXTAINER EQUIPMENT MANAGEMENT (U.S.) LIMITED,492804,A,1,
N0017818C8010,"CACI AZURE SUMMIT TECHNOLOGY, LLC",490097,D,1,SBA
N6824623F0585,"SUMITOMO HEAVY INDUSTRIES, LTD",478438.6,A,1,NONE
N6264923F0113,"SUMITOMO HEAVY INDUSTRIES, LTD",478357.23,A,1,NONE
W912EE23F0107,CDM FEDERAL PROGRAMS CORPORATION,470359.31,A,1,
N6264923F0813,MARSHALL OF CAMBRIDGE AEROSPACE LIMITED,467800.07,A,1,
N6264923F0626,MARSHALL OF CAMBRIDGE AEROSPACE LIMITED,466646.38,A,1,
SPE4A723F4001,MARTIN-BAKER AIRCRAFT COMPANY LIMITED,462561.08,F,1,NONE
SPRRA123C0014,TEK PRECISION CO LIMITED,461791.19,D,1,NONE
FA520523F0117,POND-CDM SMITH JV LP,454826.35,A,1,
N6824624F0097,"SUMITOMO HEAVY INDUSTRIES, LTD",454012.73,A,1,NONE
N6817122P0244,CONSORZIO CONTINENTAL SOCIETA' CONSORTILE A RESPONSABILITA' LIMITATA,452261.56,F,1,NONE
W912HZ23C0028,HR WALLINGFORD LIMITED,451364,A,1,NONE
W564KV22P0036,STILL GESELLSCHAFT MIT BESCHRANKTER HAFTUNG,447783.28,F,1,NONE
N6264923F0675,"SUMITOMO HEAVY INDUSTRIES, LTD",445898.28,A,1,NONE
W912DY23F0416,"SHERLOCK, SMITH & ADAMS PAGESOUTHERLANDPAGE JOINT VENTURE",445011.6,A,1,
W911XK23F0003,W.F. BAIRD & ASSOCIATES LTD.,444031,A,1,
N6264922F0986,"SUMITOMO HEAVY INDUSTRIES, LTD",443695.9,A,1,NONE
N6264923F0741,MARSHALL OF CAMBRIDGE AEROSPACE LIMITED,443449.75,A,1,
N6824623F0591,"SUMITOMO HEAVY INDUSTRIES, LTD",443226.26,A,1,NONE
N6264923F0478,"SUMITOMO HEAVY INDUSTRIES, LTD",437997.89,A,1,NONE
N6264923F0485,MARSHALL OF CAMBRIDGE AEROSPACE LIMITED,437658.88,A,1,
SPE7L319P7054,TEK PRECISION CO LIMITED,431635,F,1,SBA
N6264924F0163,"SUMITOMO HEAVY INDUSTRIES, LTD",426802.3,A,1,NONE
N6264923F0696,MARSHALL OF CAMBRIDGE AEROSPACE LIMITED,426324.42,A,1,
N6264923F0590,MARSHALL OF CAMBRIDGE AEROSPACE LIMITED,425037.09,A,1,
N0010422PNC58,"GLOBE COMPOSITE SOLUTIONS, LLC",422667.2,F,1,NONE
N6264924F0030,"SUMITOMO HEAVY INDUSTRIES, LTD",417410.81,A,1,NONE
W912HQ21F0206,CDM FEDERAL PROGRAMS CORPORATION,416677.78,A,1,
N6264923F0507,MARSHALL OF CAMBRIDGE AEROSPACE LIMITED,412300.12,A,1,
N6264922F0843,MARSHALL OF CAMBRIDGE AEROSPACE LIMITED,408961.36,A,1,
FA523623P3027,T E Q COMPANY LIMITED,408666.66,F,1,NONE
HQC00323F0012,"SUMMIT CONSTRUCTION, INC.",407702,A,1,
N6264923F0937,MARSHALL OF CAMBRIDGE AEROSPACE LIMITED,400209.06,A,1,
W912HQ22F0188,CDM FEDERAL PROGRAMS CORPORATION,392465.67,A,1,
N6264923F0584,MARSHALL OF CAMBRIDGE AEROSPACE LIMITED,391867.5,A,1,
N6264923F1079,DOWNIE JONES SHIP STORES LIMITED,388649,A,1,
N6264922F0854,"SUMITOMO HEAVY INDUSTRIES, LTD",385461.78,A,1,NONE
N6264923F0652,MARSHALL OF CAMBRIDGE AEROSPACE LIMITED,385187.35,A,1,
HC102119PA030,BRITISH TELECOMMUNICATIONS PUBLIC LIMITED COMPANY,383513.59,A,1,NONE
N6264923F0372,DOWNIE JONES SHIP STORES LIMITED,375675,A,1,
W912DS24F0009,CDM SMITH-ARCADIS-WSP TRIVENTURE,373959.95,A,1,
N6264922F0219,"SUMITOMO HEAVY INDUSTRIES, LTD",366524.9,A,1,NONE
N6264923F0689,MARSHALL OF CAMBRIDGE AEROSPACE LIMITED,362568.81,A,1,
HC102120PA015,BRITISH TELECOMMUNICATIONS PUBLIC LIMITED COMPANY,359309.3,F,1,NONE
HC102120PA018,BRITISH TELECOMMUNICATIONS PUBLIC LIMITED COMPANY,355325.12,F,1,NONE
FA558719FA174,CPS BUILDING SERVICES LIMITED,353672.66,F,1,NONE
N6264923F0139,"SUMITOMO HEAVY INDUSTRIES, LTD",352236.67,A,1,NONE
W912DS23F0029,W.F. BAIRD & ASSOCIATES LTD.,352189,D,1,
N6264922F0972,MARSHALL OF CAMBRIDGE AEROSPACE LIMITED,351095.21,A,1,
HT001123C0094,"COMMONWEALTH INFORMATICS, INC.",349507.2,D,1,NONE
N0010423PND15,"GLOBE COMPOSITE SOLUTIONS, LLC",343822.1,F,1,NONE
SPE4A617C0192,"SMITHS TUBULAR SYSTEMS-LACONIA, INC.",340541,F,1,NONE
N6264922F1031,"SUMITOMO HEAVY INDUSTRIES, LTD",339045.09,A,1,NONE
N6247323F4083,GIDEON CONTRACTING LLC,336139,D,1,
N6264922F1069,"SUMITOMO HEAVY INDUSTRIES, LTD",335220.77,A,1,NONE
FA561321F0549,BUCHART-HORN GESELLSCHAFT MIT BESCHRANKTER HAFTUNG,333524.26,A,1,
SPE4A719PB311,TEK PRECISION CO LIMITED,333375,F,1,SBA
HC102121PA051,BRITISH TELECOMMUNICATIONS PUBLIC LIMITED COMPANY,332090.77,A,1,NONE
HC102120PA024,BRITISH TELECOMMUNICATIONS PUBLIC LIMITED COMPANY,326791.79,F,1,NONE
N6264923F0316,"SUMITOMO HEAVY INDUSTRIES, LTD",326715.51,A,1,NONE
SP470117C0077,"ARSERVICES, LIMITED",324797.07,F,1,SBA
FA561323F0391,BUCHART-HORN GESELLSCHAFT MIT BESCHRANKTER HAFTUNG,323258.48,A,1,
N6264923F0119,"SUMITOMO HEAVY INDUSTRIES, LTD",322937.68,A,1,NONE
W51AA123F0107,TRITON CONTAINER INTERNATIONAL LIMITED,321903,A,1,
N6264924F0093,"SUMITOMO HEAVY INDUSTRIES, LTD",320006.38,A,1,NONE
N4034523F0405,MARUNDA PRIVATE LIMITED,318890,A,1,NONE
N4034523F0170,MARUNDA PRIVATE LIMITED,318785,A,1,NONE
N6264923F0792,"SUMITOMO HEAVY INDUSTRIES, LTD",317085.15,A,1,NONE
N6264923F0619,"SUMITOMO HEAVY INDUSTRIES, LTD",315266.08,A,1,NONE
N6264922F0691,MARSHALL OF CAMBRIDGE AEROSPACE LIMITED,314478.49,A,1,
FA523623P3071,NARONGSAK MARICAN & SON LIMITED PARTNERSHIP,314209.36,F,1,NONE
N6264521P2010,COVIDIEN SALES LLC,310826.84,F,1,NONE
N4044209C3012,"SMITH-BERGER MARINE, INC",308300,A,1,NONE
HQ003419F0044,SMITHS DETECTION INC.,301377.24,A,1,
N6264923F0800,"SUMITOMO HEAVY INDUSTRIES, LTD",298890.89,A,1,NONE
W912P423F0001,"ATLANTIC TESTING LABORATORIES, LIMITED",296717.9,D,1,
W51AA123F0043,TEXTAINER EQUIPMENT MANAGEMENT (U.S.) LIMITED,296427.98,A,1,
W912HQ23F0244,CDM FEDERAL PROGRAMS CORPORATION,288861.3,A,1,
W912HQ22F0150,CDM FEDERAL PROGRAMS CORPORATION,288644.4,A,1,
HC102121PA008,BRITISH TELECOMMUNICATIONS PUBLIC LIMITED COMPANY,285730.23,F,1,NONE
W912DS22F0098,"CEC-CDM SMITH, A JOINT VENTURE",284795.87,D,1,
HC102121PA009,BRITISH TELECOMMUNICATIONS PUBLIC LIMITED COMPANY,282462.67,F,1,NONE
HC102119PA101,BRITISH TELECOMMUNICATIONS PUBLIC LIMITED COMPANY,278903.82,F,1,NONE
SPE4A722F3288,MARTIN-BAKER AIRCRAFT COMPANY LIMITED,277225.97,F,1,NONE
N6264922F0786,"SUMITOMO HEAVY INDUSTRIES, LTD",274753.88,A,1,NONE
N6264923F0459,"SUMITOMO HEAVY INDUSTRIES, LTD",273050.64,A,1,NONE
HC102120PA022,BRITISH TELECOMMUNICATIONS PUBLIC LIMITED COMPANY,272266.4,A,1,NONE
N6264924F0177,"SUMITOMO HEAVY INDUSTRIES, LTD",269477.56,A,1,NONE
N6264923F0857,"SUMITOMO HEAVY INDUSTRIES, LTD",267870.99,A,1,NONE
N4034524F0016,MARUNDA PRIVATE LIMITED,264640,A,1,NONE
SPE4A721F0027,GOODRICH LIMITED,261493.8,F,1,NONE
SP470123C0064,RMC 2021 LLC,253407,A,1,NONE
N6264923F0853,"SUMITOMO HEAVY INDUSTRIES, LTD",250113.12,A,1,NONE
SPE8E623P0229,LELAND LIMITED INC,249929,F,1,SBA
SPE8E922P0497,LELAND LIMITED INC,249815.5,F,1,SBA
N6264923F0538,"SUMITOMO HEAVY INDUSTRIES, LTD",247412.78,A,1,NONE
FA500020P0092,WRGA FIRE TRAINING SOLUTIONS INC.,245258,F,1,SBA
N6264923F0616,"SUMITOMO HEAVY INDUSTRIES, LTD",242027.93,A,1,NONE
W912HZ23C0066,HR WALLINGFORD LIMITED,241658,A,1,NONE
SPE8E622P0654,LELAND LIMITED INC,240820.5,F,1,SBA
HC102121PA052,BRITISH TELECOMMUNICATIONS PUBLIC LIMITED COMPANY,240187.02,A,1,NONE
FA465423C0009,"REPUBLIC SERVICES OF INDIANA, LIMITED PARTNERSHIP",238764,A,1,NONE
SPE8E524CF012,LELAND LIMITED INC,237600,F,1,SBA
FA561323F0141,BUCHART-HORN GESELLSCHAFT MIT BESCHRANKTER HAFTUNG,235767.62,A,1,
HC102113M0035,BRITISH TELECOMMUNICATIONS PUBLIC LIMITED COMPANY,235472.43,A,1,NONE
N6264922F0517,"SUMITOMO HEAVY INDUSTRIES, LTD",235375.43,A,1,NONE
N0018919P0621,"HATTON, LIMITED",234830.5,F,1,SBA
W9114F20P0014,BECKMAN COULTER GESELLSCHAFT MIT BESCHRAENKTER HAFTUNG,232662.84,F,1,NONE
W912DR23F0358,W.F. BAIRD & ASSOCIATES LTD.,230167.32,D,1,
N6264923F0783,DOWNIE JONES SHIP STORES LIMITED,230130,A,1,
N6264923F0598,"SUMITOMO HEAVY INDUSTRIES, LTD",229553.97,A,1,NONE
SPE4A620F2261,GOODRICH LIMITED,229065.42,F,1,NONE
N4034523F0407,MARUNDA PRIVATE LIMITED,226640,A,1,NONE
N6264923F0827,DOWNIE JONES SHIP STORES LIMITED,226382,A,1,
W51AA123F0098,TRITON CONTAINER INTERNATIONAL LIMITED,225971,A,1,
W912HQ23F0239,CDM FEDERAL PROGRAMS CORPORATION,221883.69,A,1,
SPE4A119F1036,GOODRICH LIMITED,221691.02,F,1,NONE
N6264922F1046,"SUMITOMO HEAVY INDUSTRIES, LTD",220941.55,A,1,NONE
N6852023P0162,IDEAL AEROSMITH INC,219935,F,1,SBA
N6264923F0921,"SUMITOMO HEAVY INDUSTRIES, LTD",219852.39,A,1,NONE
N6824623F0624,"SUMITOMO HEAVY INDUSTRIES, LTD",217958.07,A,1,NONE
SPE7L723V0741,ACTIVE GEAR COMPANY OF CANADA LIMITED,216142.27,F,1,SBA
HC102113M0043,BRITISH TELECOMMUNICATIONS PUBLIC LIMITED COMPANY,216112.33,A,1,NONE
W912QG22F0013,POND-CDM SMITH JV LP,215660,A,1,
FA521522F0028,POND-CDM SMITH JV LP,214572.2,A,1,
N6264923F1029,"SUMITOMO HEAVY INDUSTRIES, LTD",212338.49,A,1,NONE
SPE4A617C0201,"SMITHS TUBULAR SYSTEMS-LACONIA, INC.",211040,F,1,NONE
SPE4A722P5099,TEK PRECISION CO LIMITED,210899.94,F,1,NONE
HC102121PA019,BRITISH TELECOMMUNICATIONS PUBLIC LIMITED COMPANY,210653.92,F,1,NONE
SPE8E524CF009,LELAND LIMITED INC,210000,F,1,SBA
N6264923F0012,"SUMITOMO HEAVY INDUSTRIES, LTD",209443.77,A,1,NONE
SPE8E524CF005,LELAND LIMITED INC,208651.5,F,1,NONE
W912P423F0041,"ATLANTIC TESTING LABORATORIES, LIMITED",208354.6,D,1,
N0038323PN110,CHELTON LIMITED,208189.73,F,1,NONE
N6264923F0179,"SUMITOMO HEAVY INDUSTRIES, LTD",208042.91,A,1,NONE
N6824623F0701,"SUMITOMO HEAVY INDUSTRIES, LTD",205834.49,A,1,NONE
FA523623P3136,T E Q COMPANY LIMITED,203125,F,1,NONE
N6264922F0989,"SUMITOMO HEAVY INDUSTRIES, LTD",202958.88,A,1,NONE
HC102122PA007,BRITISH TELECOMMUNICATIONS PUBLIC LIMITED COMPANY,202931.24,F,1,NONE
N6264924F0229,"SUMITOMO HEAVY INDUSTRIES, LTD",202593.65,A,1,NONE
N6264923F0523,"SUMITOMO HEAVY INDUSTRIES, LTD",202430.98,A,1,NONE
W912DQ20F3037,CDM FEDERAL PROGRAMS CORPORATION,202301,A,1,
N6824623F0295,"SUMITOMO HEAVY INDUSTRIES, LTD",201036.45,A,1,NONE
W50S7Z22F0012,POND-CDM SMITH JV LP,197666,A,1,
W912HQ22F0231,CDM FEDERAL PROGRAMS CORPORATION,197406.32,A,1,
N6264923F0309,"SUMITOMO HEAVY INDUSTRIES, LTD",195841.93,A,1,NONE
N6824622F1373,"MITSUBISHI HEAVY INDUSTRIES, LTD",195461.86,A,1,NONE
N6264924F0056,DOWNIE JONES SHIP STORES LIMITED,193222,A,1,
N6824623F1083,"SUMITOMO HEAVY INDUSTRIES, LTD",190830.7,A,1,NONE
HC102121PA071,BRITISH TELECOMMUNICATIONS PUBLIC LIMITED COMPANY,189979.89,F,1,NONE
HC102113M0053,BRITISH TELECOMMUNICATIONS PUBLIC LIMITED COMPANY,189267.18,A,1,NONE
N6264922F1039,"SUMITOMO HEAVY INDUSTRIES, LTD",188359.6,A,1,NONE
W25G1V23F0082,TEXTAINER EQUIPMENT MANAGEMENT (U.S.) LIMITED,187299.2,A,1,
SPE7M822P4361,MURRAY BENJAMIN ELECTRIC CO LLC,182970,F,1,NONE
N6264923F0776,DOWNIE JONES SHIP STORES LIMITED,181996,A,1,
N6264923F0574,DOWNIE JONES SHIP STORES LIMITED,180851,A,1,
N6264924F0200,"SUMITOMO HEAVY INDUSTRIES, LTD",180823.58,A,1,NONE
HC102119PA037,BRITISH TELECOMMUNICATIONS PUBLIC LIMITED COMPANY,180798.08,F,1,NONE
HC102121PA072,BRITISH TELECOMMUNICATIONS PUBLIC LIMITED COMPANY,178545.97,A,1,NONE
W50S9F23P0001,SMITTY ECOMMERCE LLC,178050,F,1,NONE
N6264923F0901,"SUMITOMO HEAVY INDUSTRIES, LTD",177666.19,A,1,NONE
N6264923F0900,"SUMITOMO HEAVY INDUSTRIES, LTD",177666.19,A,1,NONE
N6264922F0836,"SUMITOMO HEAVY INDUSTRIES, LTD",176490.87,A,1,NONE
FA520924F0002,"SUMITOMO MITSUI AUTO SERVICE COMPANY, LIMITED",176436.63,F,1,
W912P722F0021,CDM FEDERAL PROGRAMS CORPORATION,175654,A,1,
N6264923F1077,DOWNIE JONES SHIP STORES LIMITED,174500,A,1,
W51AA124F0044,TRITON CONTAINER INTERNATIONAL LIMITED,172348,A,1,
N6824624F0037,"SUMITOMO HEAVY INDUSTRIES, LTD",172027.87,A,1,NONE
SPE7M023V2396,"GLOBE COMPOSITE SOLUTIONS, LLC",169561,F,1,NONE
N4034523F0173,MARUNDA PRIVATE LIMITED,169300,A,1,NONE
N0016422PJ081,MURRAY BENJAMIN ELECTRIC CO LLC,166780.7,F,1,SBA
HC102119PA095,BRITISH TELECOMMUNICATIONS PUBLIC LIMITED COMPANY,165517.08,F,1,NONE
SPE4A623F347V,GOODRICH LIMITED,164247.36,F,1,NONE
HC102120PA021,BRITISH TELECOMMUNICATIONS PUBLIC LIMITED COMPANY,164204,F,1,NONE
SPE7M123P0745,SMITHS DETECTION INC.,162637.8,F,1,NONE
W90VN723C0004,"RECREATION UNLIMITED CO.,LTD",159195.04,F,1,NONE
SPMYM322P5048,"GLOBE COMPOSITE SOLUTIONS, LLC",158708.64,F,1,NONE
N6264923F0575,DOWNIE JONES SHIP STORES LIMITED,157220,A,1,
SPE8E524CF006,LELAND LIMITED INC,152040,F,1,SBA
N6264922F1034,"SUMITOMO HEAVY INDUSTRIES, LTD",151412.74,A,1,NONE
N0042122P0186,CHELTON LIMITED,149145.78,A,1,NONE
SPE8E522P1183,LELAND LIMITED INC,148522.5,F,1,NONE
N6278623F0003,TOM SMITH FIRE EQUIPMENT CO INC,146544,A,1,
SPE7M123V8686,MURRAY BENJAMIN ELECTRIC CO LLC,141930,F,1,NONE
W912DR22F0294,W.F. BAIRD & ASSOCIATES LTD.,141871.58,D,1,
FA561323F0100,BUCHART-HORN GESELLSCHAFT MIT BESCHRANKTER HAFTUNG,141716.84,A,1,
N6264923F0102,"SUMITOMO HEAVY INDUSTRIES, LTD",141492.03,A,1,NONE
HC102117PA046,BRITISH TELECOMMUNICATIONS PUBLIC LIMITED COMPANY,140879.62,F,1,NONE
HC102121PA098,BRITISH TELECOMMUNICATIONS PUBLIC LIMITED COMPANY,140224.42,F,1,NONE
W15QKN22F0273,IRIS INTELLIGENCE LIMITED,138211.38,A,1,
N4034523F0126,MARUNDA PRIVATE LIMITED,136913.6,A,1,NONE
HC102121PA016,BRITISH TELECOMMUNICATIONS PUBLIC LIMITED COMPANY,136542.37,F,1,NONE
FA481923F0039,TOM SMITH FIRE EQUIPMENT CO INC,135912,A,1,
N6264923F0389,DOWNIE JONES SHIP STORES LIMITED,134261.28,A,1,
HC102118PA093,BRITISH TELECOMMUNICATIONS PUBLIC LIMITED COMPANY,133946.96,A,1,NONE
HC102119PA096,BRITISH TELECOMMUNICATIONS PUBLIC LIMITED COMPANY,133197.46,F,1,NONE
N6883621F0333,MLS-MULTINATIONAL LOGISTIC SERVICES LIMITED,132827.3,A,1,
W25G1V23F0379,TRITON CONTAINER INTERNATIONAL LIMITED,132602.04,A,1,
N6817122P0242,SE.MA.TER. SERVIZI MARITTIMI E TERRESTRI - SOCIETA' A RESPONSABILITA' LIMITATA,130522.43,F,1,NONE
W912HQ22F0184,CDM FEDERAL PROGRAMS CORPORATION,129898.05,A,1,
HC102120PA111,BRITISH TELECOMMUNICATIONS PUBLIC LIMITED COMPANY,129283.8,F,1,NONE
N6264922P0195,"SUMITOMO HEAVY INDUSTRIES, LTD",128888.68,F,1,NONE
SPE7M223P2132,MURRAY BENJAMIN ELECTRIC CO LLC,127160,F,1,NONE
FA449720C0012,WRGA FIRE TRAINING SOLUTIONS INC.,126625,F,1,SBA
HC102119PA049,BRITISH TELECOMMUNICATIONS PUBLIC LIMITED COMPANY,125767.5,A,1,NONE
HC102121PA032,BRITISH TELECOMMUNICATIONS PUBLIC LIMITED COMPANY,125709.57,F,1,NONE
SPE8E522P0134,LELAND LIMITED INC,125613,F,1,SBA
N6264923F0174,"SUMITOMO HEAVY INDUSTRIES, LTD",125279.88,A,1,NONE
SPE4A723F5471,MARTIN-BAKER AIRCRAFT COMPANY LIMITED,122913.36,F,1,NONE
SPE4A724F0939,MARTIN-BAKER AIRCRAFT COMPANY LIMITED,122520.05,F,1,NONE
SPE8E524CF011,LELAND LIMITED INC,122400,F,1,SBA
FA830721F0090,SMITHS DETECTION INC.,121676.74,A,1,
W51AA123F0014,SMITHS DETECTION INC.,121133.28,A,1,
W25G1V23F0395,TEXTAINER EQUIPMENT MANAGEMENT (U.S.) LIMITED,121002,A,1,
HC102121PA033,BRITISH TELECOMMUNICATIONS PUBLIC LIMITED COMPANY,120838.36,F,1,NONE
HC102120PA075,BRITISH TELECOMMUNICATIONS PUBLIC LIMITED COMPANY,119918.19,F,1,NONE
HC102122PA030,BRITISH TELECOMMUNICATIONS PUBLIC LIMITED COMPANY,119398.62,F,1,NONE
N6264923F0520,"SUMITOMO HEAVY INDUSTRIES, LTD",118877.59,A,1,NONE
SPE4A521F9915,GOODRICH LIMITED,118483.18,F,1,NONE
HC102120PA049,BRITISH TELECOMMUNICATIONS PUBLIC LIMITED COMPANY,118115.82,F,1,NONE
N6264923F0911,"SUMITOMO HEAVY INDUSTRIES, LTD",115254.45,A,1,NONE
N6264923F0908,"SUMITOMO HEAVY INDUSTRIES, LTD",115254.45,A,1,NONE
SPE7L323P6586,TEK PRECISION CO LIMITED,113210.46,F,1,SBA
M6700123P1160,SMITHS ADDRESSING MACHINE SERVICES INC,112435.98,F,1,SBA
N6824623F0342,"SUMITOMO HEAVY INDUSTRIES, LTD",111757.81,A,1,NONE
HE126016P0011,"SUMITOMO MITSUI AUTO SERVICE COMPANY , LIMITED",110896.14,F,1,NONE
W912DR22F0008,W.F. BAIRD & ASSOCIATES LTD.,110456.28,D,1,
N0010421PDC10,AIR NEW ZEALAND LIMITED,109000,F,1,NONE
W9114F23P0035,VERACITY TRADING LIMITED,108977.53,F,1,NONE
HC102117PA070,BRITISH TELECOMMUNICATIONS PUBLIC LIMITED COMPANY,108579.01,F,1,NONE
N6264923F0607,"SUMITOMO HEAVY INDUSTRIES, LTD",108099.31,A,1,NONE
W25G1V23F0100,TEXTAINER EQUIPMENT MANAGEMENT (U.S.) LIMITED,107812,A,1,
W51AA124F0064,TEXTAINER EQUIPMENT MANAGEMENT (U.S.) LIMITED,107792,A,1,
W25G1V23F0229,TEXTAINER EQUIPMENT MANAGEMENT (U.S.) LIMITED,107792,A,1,
SPE7M523P3208,PROJECTS UNLIMITED INC,107561.52,F,1,NONE
SPE4A623PV339,W.R. DAVIS ENGINEERING LIMITED,107318.61,F,1,NONE
FA568522P0031,T.M.C TELEKOMUNIKASYON BILGISAYAR INSAAT SANAYI VE TICARET LIMITED SIRKETI,106945.2,F,1,NONE
N6264923F0406,"SUMITOMO HEAVY INDUSTRIES, LTD",105585.98,A,1,NONE
N6264923F0106,"SUMITOMO HEAVY INDUSTRIES, LTD",105421.02,A,1,NONE
N0018318P0929,OCULUS INC,105000,F,1,SBA
SPE4A723F4151,MARTIN-BAKER AIRCRAFT COMPANY LIMITED,102154.62,F,1,NONE
HC102120PA053,BRITISH TELECOMMUNICATIONS PUBLIC LIMITED COMPANY,101779.91,F,1,NONE
SPE4A521F9933,GOODRICH LIMITED,101557.01,F,1,NONE
SPE4A521F9923,GOODRICH LIMITED,101557.01,F,1,NONE
M6845023PH010,THE CORPS (PNG) LIMITED,101155.52,F,1,NONE
N0017824P6602,BAE SYSTEMS AUSTRALIA LIMITED,100782,F,1,NONE
N0010423PLF20,MURRAY BENJAMIN ELECTRIC CO LLC,100780,F,1,SBA
N0038323FNZ04,MARTIN-BAKER AIRCRAFT COMPANY LIMITED,99905.04,F,1,NONE
N6264923F0168,"SUMITOMO HEAVY INDUSTRIES, LTD",99788.98,A,1,NONE
W912DQ18C1003,"CHALLENGE UNLIMITED, INC.",99420.65,F,1,NONE
SPE4A723F4310,MARTIN-BAKER AIRCRAFT COMPANY LIMITED,98735.46,F,1,NONE
HC102122PA014,BRITISH TELECOMMUNICATIONS PUBLIC LIMITED COMPANY,97146.85,F,1,NONE
W912HQ23F0187,CDM FEDERAL PROGRAMS CORPORATION,96965.16,A,1,
N6264924F0221,"SUMITOMO HEAVY INDUSTRIES, LTD",96950.73,A,1,NONE
N0025321P0070,SUMMIT SAFETY SHOES LLC,93964.1,F,1,NONE
N6264924F0036,"SUMITOMO HEAVY INDUSTRIES, LTD",93199.35,A,1,NONE
SPE4A723P8142,W.R. DAVIS ENGINEERING LIMITED,91987.38,F,1,NONE
SPE4A624P4630,W.R. DAVIS ENGINEERING LIMITED,91986.72,F,1,NONE
N0038324PF023,TEK PRECISION CO LIMITED,91042.1,F,1,NONE
FA857123F9027,"ANYLOGIC NORTH AMERICA, LLC",89906.3,A,1,
HT009023FG07130,GIBTHAI COMPANY LIMITED,89706.93,F,1,NONE
N4033923FS116,SMITHS DETECTION INC.,89571.28,A,1,
HC102120PA082,BRITISH TELECOMMUNICATIONS PUBLIC LIMITED COMPANY,89453.45,F,1,NONE
N6824623F0439,"SUMITOMO HEAVY INDUSTRIES, LTD",89406.25,A,1,NONE
N6264923F0096,"SUMITOMO HEAVY INDUSTRIES, LTD",89076.04,A,1,NONE
SPE4A623PV293,W.R. DAVIS ENGINEERING LIMITED,88383,F,1,NONE
N6817123P0115,MULTIMARINE SERVICES LIMITED,87860,A,1,NONE
W912DY23P0030,SUMMIT IMAGING INC,87700,F,1,SBA
H9224024F0027,"TRAINING RESOURCES LIMITED, A NEVADA CORPORATION",87360,F,1,NONE
W912EK22P0105,"S.J. SMITH CO., INC",86465.94,F,1,SBA
W25G1V23F0166,TRITON CONTAINER INTERNATIONAL LIMITED,85870,A,1,
N6264923F0533,"SUMITOMO HEAVY INDUSTRIES, LTD",85624.15,A,1,NONE
W50S7V23F0007,TRIMBLE INC,84313,A,1,
N6824623F0224,"SUMITOMO HEAVY INDUSTRIES, LTD",83197.87,A,1,NONE
W51AA123F0106,TEXTAINER EQUIPMENT MANAGEMENT (U.S.) LIMITED,82309,A,1,
W91QVP23PA003,TERRITORY RENT-A-CAR PTY. LIMITED,81628.13,F,1,NONE
HC102122PA003,BRITISH TELECOMMUNICATIONS PUBLIC LIMITED COMPANY,81420.05,F,1,NONE
W912DQ23P4000,"CHALLENGE UNLIMITED, INC.",81300.13,F,1,NONE
W912HZ23F0187,W.F. BAIRD & ASSOCIATES LTD.,81085,A,1,
W81K0019P0239,SMITH & NEPHEW INC,80000,F,1,NONE
N6264923F0486,"SUMITOMO HEAVY INDUSTRIES, LTD",78821.88,A,1,NONE
N6264923F0271,"SUMITOMO HEAVY INDUSTRIES, LTD",78219.22,A,1,NONE
W51AA123F0052,TRITON CONTAINER INTERNATIONAL LIMITED,78113,A,1,
HQC01022P0007,DAWSONGROUP TRUCK AND TRAILER LIMITED,77161.94,F,1,NONE
SPE8E523V1422,LELAND LIMITED INC,76680,F,1,SBA
FA558722P0092,SYS SYSTEMS LIMITED,76664.92,F,1,NONE
SPE4A723P4521,W.R. DAVIS ENGINEERING LIMITED,76047.75,F,1,NONE
FA558723P0096,POLSTORE STORAGE SYSTEMS LIMITED,75751.07,F,1,NONE
FA460023F0031,TOM SMITH FIRE EQUIPMENT CO INC,75686.92,A,1,
N3220523P2240,"TRAINING RESOURCES LIMITED, A NEVADA CORPORATION",75650,F,1,SBA
FA558723P0014,POLSTORE STORAGE SYSTEMS LIMITED,75183.04,F,1,NONE
FA520923P0017,"SUMITOMO MITSUI AUTO SERVICE COMPANY, LIMITED",75056.31,F,1,NONE
N6264924F0059,"SUMITOMO HEAVY INDUSTRIES, LTD",74732.24,A,1,NONE
N6824623F1468,"SUMITOMO HEAVY INDUSTRIES, LTD",72993.8,A,1,NONE
SPMYM423P0611,MURRAY BENJAMIN ELECTRIC CO LLC,72762.5,F,1,SBA
SPE4A724F0132,GOODRICH LIMITED,72613.73,F,1,NONE
HC102120PA001,BRITISH TELECOMMUNICATIONS PUBLIC LIMITED COMPANY,72177.94,F,1,NONE
W51AA124F0003,TEXTAINER EQUIPMENT MANAGEMENT (U.S.) LIMITED,72025,A,1,
W9128F18F0038,CDM FEDERAL PROGRAMS CORPORATION,71622,A,1,
W91WFU23F0091,SMITHS DETECTION INC.,70056.02,A,1,
W50S7T23P0013,SUMMIT FIRE & SECURITY LLC,69646,F,1,SBA
SPE7M223P4561,MURRAY BENJAMIN ELECTRIC CO LLC,69125,F,1,NONE
N4446623P0031,"SENCORPWHITE, INC.",68858.59,F,1,SBA
SPE7L523P1413,"COMTAC UNLIMITED, INC.",68777.5,F,1,NONE
W25G1V23F0068,TEXTAINER EQUIPMENT MANAGEMENT (U.S.) LIMITED,68619,A,1,
W25G1V23F0089,TRITON CONTAINER INTERNATIONAL LIMITED,68376,A,1,
N6264924F0042,"SUMITOMO HEAVY INDUSTRIES, LTD",68059.63,A,1,NONE
HC102121PA020,BRITISH TELECOMMUNICATIONS PUBLIC LIMITED COMPANY,67332.31,F,1,NONE
SPE4A723F4342,MARTIN-BAKER AIRCRAFT COMPANY LIMITED,66826.76,F,1,NONE
N6264924F0089,"SUMITOMO HEAVY INDUSTRIES, LTD",66593.72,A,1,NONE
N0038322PN086,PROJECTS UNLIMITED INC,66317.55,F,1,NONE
W9124P23F0121,SMITHS DETECTION INC.,66281.03,A,1,
W91YTZ18P0383,SUMMIT IMAGING INC,65700,F,1,SBA
FA486124P0003,"AVIATION SPECIALTIES UNLIMITED, INC.",64720,F,1,SBA
SPE7M223P4193,MURRAY BENJAMIN ELECTRIC CO LLC,62870.73,F,1,SBA
N0025324P0012,SUMMIT SAFETY SHOES LLC,62827.55,F,1,SBA
N6824623F1229,"SUMITOMO HEAVY INDUSTRIES, LTD",61940.55,A,1,NONE
N6264923F0292,"SUMITOMO HEAVY INDUSTRIES, LTD",61881.08,A,1,NONE
HC102120PA002,BRITISH TELECOMMUNICATIONS PUBLIC LIMITED COMPANY,61681.37,F,1,NONE
N6264923F1048,DOWNIE JONES SHIP STORES LIMITED,61060,A,1,
HC102122PA025,BRITISH TELECOMMUNICATIONS PUBLIC LIMITED COMPANY,60284.27,F,1,NONE
W9114F23F0025,DRK-BLUTSPENDEDIENST RHEINLAND-PFALZ UND SAARLAND GEMEINNUETZIGE GESELLSCHAFT MIT BESCHRAENKTER HAFTUNG,60000,F,1,NONE
HC102120PA110,BRITISH TELECOMMUNICATIONS PUBLIC LIMITED COMPANY,59746.34,F,1,NONE
SPE4A723F9996,MARTIN-BAKER AIRCRAFT COMPANY LIMITED,59399.53,F,1,NONE
FA568523C0013,ESC MUHENDISLIK TEKNIK PROJE INSAAT TAAHHUT SANAYI VE TICARET LIMITED SIRKETI,59059,A,1,NONE
N6264923F0576,DOWNIE JONES SHIP STORES LIMITED,58900,A,1,
W91QEX23P0003,NEEDHAM'S POINT HOLDING'S LTD,58361.93,F,1,NONE
SPE4A723F5638,MARTIN-BAKER AIRCRAFT COMPANY LIMITED,58136.74,F,1,NONE
SPRDL123P0007,KNDS DEFENCE UK LIMITED,57242.64,F,1,NONE
SPE30223F1JR4,PACIFIC UNLIMITED INC,56770.2,F,1,NONE
N6824623F0635,"SUMITOMO HEAVY INDUSTRIES, LTD",56461.85,A,1,NONE
N0038323PF049,CHELTON LIMITED,56420.2,F,1,NONE
N6600123P6148,SEEBYTE LIMITED,56417.81,F,1,NONE
N6264923F0728,"SUMITOMO HEAVY INDUSTRIES, LTD",56352.28,A,1,NONE
SPE7M423P3264,"GLOBE COMPOSITE SOLUTIONS, LLC",55715.89,F,1,NONE
N0038323FZ804,GOODRICH ACTUATION SYSTEMS LIMITED,55566,F,1,NONE
N6817123P6022,NEWLAND ENGINEERING COMPANY LIMITED,55042,F,1,NONE
SPE7L123P4868,TRIDENT MARITIME SYSTEMS UK LIMITED,54960,F,1,NONE
FA558723P0064,ROTAMAT LIMITED,54129.56,F,1,NONE
N6264923P0171,"MITOMO CO., LTD.",53769.46,F,1,NONE
N6824623F0841,"SUMITOMO HEAVY INDUSTRIES, LTD",53010.27,A,1,NONE
SPE7M223V2354,MURRAY BENJAMIN ELECTRIC CO LLC,52837.5,F,1,NONE
SPE7M524P0929,"MITCHELL AIRCRAFT, LLC",52800,F,1,SBA
N6264923F0772,DOWNIE JONES SHIP STORES LIMITED,52453.12,A,1,
FA700023P0078,TRIMBLE INC,52326,A,1,NONE
SPE7L423P0918,ACTIVE GEAR COMPANY OF CANADA LIMITED,51764.85,F,1,NONE
SPE7MC23P2373,TEK PRECISION CO LIMITED,51641.6,F,1,SBA
SP700022P0100,XEROX GESELLSCHAFT MIT BESCHRAENKTER HAFTUNG,51564.1,F,1,NONE
N0038322PF119,TEK PRECISION CO LIMITED,51186,F,1,NONE
W25G1V22F0487,TRITON CONTAINER INTERNATIONAL LIMITED,50820.8,A,1,
N6264923F0976,"SUMITOMO HEAVY INDUSTRIES, LTD",49972.38,A,1,NONE
FA568523C0008,YZD ELEKTRIK INSAAT TICARET VE SANAYI LIMITED SIRKETI,49800,F,1,NONE
SPE7M524V0015,"MITCHELL AIRCRAFT, LLC",49500,F,1,SBA
W9124D23F0581,"DEAF SERVICES UNLIMITED, INC.",49159.98,A,1,WOSB
FA520523P0025,JACQUELYN LEIGHANN SMITH,48960,F,1,NONE
N0024423F0149,TOM SMITH FIRE EQUIPMENT CO INC,48902.97,A,1,
M6740024P0005,"KANEMITSU REISHO CO., LTD.",48863.39,F,1,NONE
FA820124FG002,"WESTEND ENTERPRISES UNLIMITED, INC.",12474,A,3,
N6824623F1092,"SUMITOMO HEAVY INDUSTRIES, LTD",48181.19,A,1,NONE
N6264924F0038,"SUMITOMO HEAVY INDUSTRIES, LTD",48134.39,A,1,NONE
SPE4A723F4402,MARTIN-BAKER AIRCRAFT COMPANY LIMITED,47561.75,F,1,NONE
W51AA123F0006,TRITON CONTAINER INTERNATIONAL LIMITED,47449.48,A,1,
N6824624F0189,"SUMITOMO HEAVY INDUSTRIES, LTD",47196.29,A,1,NONE
W911KF19V0028,"TOOL-SMITH COMPANY, INC",46718,F,1,SBA
N6809322P0021,LUMIBIRD MEDICAL INC.,46666.12,F,1,SBA
N6824623F1511,"SUMITOMO HEAVY INDUSTRIES, LTD",46600.2,A,1,NONE
FA523623P3173,DKSH TECHNOLOGY LIMITED,46588.48,F,1,NONE
W25G1V23F0198,TEXTAINER EQUIPMENT MANAGEMENT (U.S.) LIMITED,46534,A,1,
FA568524F0003,MAC TEKNIK MALZEME SANAYI VE TICARET LIMITED SIRKETI,46440,F,1,NONE
W912ES20P0045,"PEQUOT LAKES SANITATION, LIMITED",46382.02,F,1,NONE
SPE7L324V0685,YUCA ENERGY LIMITED,45385,F,1,NONE
SPE7L324P0733,YUCA ENERGY LIMITED,45385,F,1,NONE
N4034524F0134,MARUNDA PRIVATE LIMITED,45200,A,1,NONE
SPE7M123P3462,KNDS DEFENCE UK LIMITED,45187.64,F,1,NONE
SPE7M123P3240,KNDS DEFENCE UK LIMITED,45187.64,F,1,NONE
SPE8ED23P0689,KNDS DEFENCE UK LIMITED,45021.61,F,1,NONE
FA557023F0064,SYNCLINE SOLUTIONS LIMITED,44931.86,F,1,NONE
W25G1V23F0077,TEXTAINER EQUIPMENT MANAGEMENT (U.S.) LIMITED,44548.4,A,1,
W911QY23P0111,SENSORS UNLIMITED INC,44140,F,1,NONE
N6264923F0869,"SUMITOMO HEAVY INDUSTRIES, LTD",43860.86,A,1,NONE
N0038323FZ803,GOODRICH ACTUATION SYSTEMS LIMITED,43310,F,1,NONE
N0038322PF125,TEK PRECISION CO LIMITED,42655,F,1,SBA
FA521523F0050,SUMMIT TECHNOLOGIES LLC,42470.09,A,1,SDVOSBC
SPE4A623PR762,YUCA ENERGY LIMITED,42000,F,1,NONE
SPE7L323P7838,YUCA ENERGY LIMITED,41942,F,1,NONE
N0016422PG032,ANALOX LIMITED,41801.28,F,1,NONE
SPE7M523V6317,"MITCHELL AIRCRAFT, LLC",41250,F,1,SBA
SPE4A722F7840,GOODRICH LIMITED,41005.05,F,1,NONE
SPE7L323P6814,KNDS DEFENCE UK LIMITED,40425.72,F,1,NONE
N6264923F0045,"SUMITOMO HEAVY INDUSTRIES, LTD",40320.8,A,1,NONE
N6264923F0843,"SUMITOMO HEAVY INDUSTRIES, LTD",40104.04,A,1,NONE
FA500421P0030,SUMMIT LOGISTICS INC.,39900,F,1,SBA
N6824624F0090,"SUMITOMO HEAVY INDUSTRIES, LTD",39708.69,A,1,NONE
FA700023P0061,IMMERSEME LIMITED,39600,F,1,NONE
W912EQ23P0061,"SMITH-BERGER MARINE, INC",39104,F,1,SBA
N6264922P0107,"SUMITOMO HEAVY INDUSTRIES, LTD",38984.3,F,1,NONE
H9224022P0021,NESSFITNESS LIMITED LIABILITY COMPANY,38929,F,1,SBA
N6817123P2025,HOPE EDUCATION LIMITED LIABILITY COMPANY,38850,A,1,NONE
SPE7M523P1914,PROJECTS UNLIMITED INC,38128.87,F,1,SBA
W51AA124F0058,TRITON CONTAINER INTERNATIONAL LIMITED,38114,A,1,
SPE7L723V0303,ACTIVE GEAR COMPANY OF CANADA LIMITED,37909.68,F,1,NONE
SPE4A723F9710,MARTIN-BAKER AIRCRAFT COMPANY LIMITED,37606.28,F,1,NONE
W25G1V23F0424,TEXTAINER EQUIPMENT MANAGEMENT (U.S.) LIMITED,37453,A,1,
N6264922F0937,MARSHALL OF CAMBRIDGE AEROSPACE LIMITED,37125,A,1,
SPE8E823V1039,ACTIVE GEAR COMPANY OF CANADA LIMITED,37086.8,F,1,NONE
FA523623P3158,ROMCHAT DEVELOPMENT COMPANY LIMITED,37034.55,F,1,NONE
SPE7M223P3339,MURRAY BENJAMIN ELECTRIC CO LLC,36739.2,F,1,NONE
HT009023FG0760002,MCCALL INTERNATIONAL MEDICAL LIMITED PARTNERSHIP,36204,F,1,NONE
W901UZ23F0052,"GLAXOSMITHKLINE, LLC",35896.8,A,1,
N6824623F0778,"SUMITOMO HEAVY INDUSTRIES, LTD",35869.79,A,1,NONE
SPE7M523V5953,"MITCHELL AIRCRAFT, LLC",35700,F,1,SBA
N6264924F0026,"SUMITOMO HEAVY INDUSTRIES, LTD",35526.57,A,1,NONE
SPE7M523P0756,TRIDENT MARITIME SYSTEMS UK LIMITED,35387.5,F,1,NONE
W912CN21F0365,Y HATA & COMPANY LIMITED,35322.63,F,1,SBA
FA523623P3153,S.Y.EQUIPMENT COMPANY LIMITED,35224.18,F,1,NONE
N6264923F0766,"SUMITOMO HEAVY INDUSTRIES, LTD",35220.17,F,1,NONE
N6264922P0122,"SUMITOMO HEAVY INDUSTRIES, LTD",34628.4,F,1,NONE
SPE7M223P3867,MURRAY BENJAMIN ELECTRIC CO LLC,34580,F,1,SBA
N6264923F0929,"SUMITOMO HEAVY INDUSTRIES, LTD",34460.98,A,1,NONE
N0038323PF067,TEK PRECISION CO LIMITED,33493.28,F,1,NONE
SPE4A723F7025,MARTIN-BAKER AIRCRAFT COMPANY LIMITED,33469.06,F,1,NONE
W51AA124F0063,TEXTAINER EQUIPMENT MANAGEMENT (U.S.) LIMITED,33425,A,1,
SPE8E923P0917,ACTIVE GEAR COMPANY OF CANADA LIMITED,33378.12,F,1,NONE
W912PB23P3064,EINHAEUPL GESELLSCHAFT MIT BESCHRAENKTER HAFTUNG,33258.71,F,1,NONE
N6824622F0814,"SUMITOMO HEAVY INDUSTRIES, LTD",32897.12,A,1,NONE
W912DR23F0125,TRIMBLE INC,32885.33,A,1,
N6264924F0235,"SUMITOMO HEAVY INDUSTRIES, LTD",32522.9,A,1,NONE
N6817122P0159,MARTHA E SMITH,32500,F,1,NONE
N6824623F0655,"SUMITOMO HEAVY INDUSTRIES, LTD",32042.53,A,1,NONE
W25G1V23F0066,TEXTAINER EQUIPMENT MANAGEMENT (U.S.) LIMITED,32022.2,A,1,
N0010423PNC03,TRIDENT MARITIME SYSTEMS UK LIMITED,31797,F,1,NONE
FA557023F0063,SYNCLINE SOLUTIONS LIMITED,31791.22,F,1,NONE
W25G1V23F0369,TEXTAINER EQUIPMENT MANAGEMENT (U.S.) LIMITED,31691,A,1,
SPE7M123V3162,MURRAY BENJAMIN ELECTRIC CO LLC,31625,F,1,NONE
N6264923F0044,"SUMITOMO HEAVY INDUSTRIES, LTD",30993.83,A,1,NONE
N0040623P0722,BOLL FILTER CORPORATION,30812,F,1,NONE
FA302023F0200,TOM SMITH FIRE EQUIPMENT CO INC,30646.89,A,1,
FA500023F0009,ALYESKA RESORT OPERATIONS LIMITED PARTNERSHIP,30441.12,F,1,NONE
SPE60523P2046,"SOUTHERN COUNTIES OIL CO., A CALIFORNIA LIMITED PARTNERSHIP",30416.79,F,1,NONE
SPE4A724F2271,MARTIN-BAKER AIRCRAFT COMPANY LIMITED,30083.1,F,1,NONE
SPE7L323P5314,AP FILTRATION LIMITED,30001.84,F,1,NONE
W912L723F0017,"GLAXOSMITHKLINE, LLC",29768.1,A,1,
SPE7L123P6682,YUCA ENERGY LIMITED,29750,F,1,NONE
SPE8E823V1164,ACTIVE GEAR COMPANY OF CANADA LIMITED,29669.44,F,1,NONE
W25G1V23F0074,TRITON CONTAINER INTERNATIONAL LIMITED,29596,A,1,
N6264922F0998,MARSHALL OF CAMBRIDGE AEROSPACE LIMITED,29250,A,1,
FA480924FG004,BEST WESTERN SMITHFIELD,29204,F,1,NONE
N6264923P0068,"MITOMO CO., LTD.",28724,F,1,NONE
W91QVP23PA002,TELSTRA LIMITED,28359.8,F,1,NONE
N6893623P0164,GRID DEFENCE SYSTEMS LIMITED,28335,F,1,NONE
FA442721P0094,"U.S. TESTING EQUIPMENT, LIMITED",28148.41,F,1,SBA
W51AA123F0013,TRITON CONTAINER INTERNATIONAL LIMITED,27918,A,1,
HC104723P0004,SBN PARTNERS LIMITED PARTNERSHIP,27910.63,F,1,NONE
W25G1V22F0234,TEXTAINER EQUIPMENT MANAGEMENT (U.S.) LIMITED,27746,A,1,
N0017323P1013,OZ OPTICS LIMITED,27700,F,1,NONE
FA452823FG907,BORGO UPHOLSTERY LTD,27565.2,A,1,
SPE7L324P0210,YUCA ENERGY LIMITED,27387.16,F,1,NONE
SPE7L322F2896,BAE SYSTEMS (OPERATIONS) LIMITED,27358.32,F,1,NONE
FA568523C0015,ALTAN PROJE UYGULAMA MUSAVIRLIK SANAYI VE TICARET LIMITED SIRKETI,27078.24,A,1,NONE
SPE7M123V6629,MURRAY BENJAMIN ELECTRIC CO LLC,26685,F,1,NONE
W56KGU21P0001,IDEAL AEROSMITH INC,26628,F,1,NONE
N6824623F0625,"SUMITOMO HEAVY INDUSTRIES, LTD",26610.79,A,1,NONE
N6824624F0081,"SUMITOMO HEAVY INDUSTRIES, LTD",26601.8,A,1,NONE
N6824623F1281,"SUMITOMO HEAVY INDUSTRIES, LTD",26438.61,A,1,NONE
H9821023F0197,VOX SCRIPTA LIMITED LIABILITY COMPANY,26404.31,F,1,NONE
N3220523P2054,EATON CORPORATION,26304,F,1,NONE
SPE4A723F7678,MARTIN-BAKER AIRCRAFT COMPANY LIMITED,26251.11,F,1,NONE
W25G1V23F0376,TRITON CONTAINER INTERNATIONAL LIMITED,26078,A,1,
W15QKN22C0004,MITTEN MANUFACTURING INCORPORATED,25837.15,A,1,NONE
SPE4A617C0187,"SMITHS TUBULAR SYSTEMS-LACONIA, INC.",25259.35,F,1,NONE
H9821024F0027,VOX SCRIPTA LIMITED LIABILITY COMPANY,25115.55,F,1,NONE
N6264923F0781,"SUMITOMO HEAVY INDUSTRIES, LTD",25061.11,A,1,NONE
N6264923F0680,"SUMITOMO HEAVY INDUSTRIES, LTD",25061.11,A,1,NONE
H9821023F0149,VOX SCRIPTA LIMITED LIABILITY COMPANY,25002.85,F,1,NONE
HT009023FG0710019,GIBTHAI COMPANY LIMITED,24989.8,F,1,NONE
N6264923P0100,"MES TOKKI & ENGINEERING CO., LTD.",24896.75,F,1,NONE
N0017323P1124,OCEAN OPTICS INC,24866,A,1,NONE
HT009023FG0910056,"SUMMIT GOVERNMENT GROUP, LLC",24844.8,A,1,
HT009023FG0660051,MCCALL INTERNATIONAL MEDICAL LIMITED PARTNERSHIP,24720,F,1,NONE
N6264923F0215,"SUMITOMO HEAVY INDUSTRIES, LTD",24502.86,A,1,NONE
SPE7MC23V9027,MURRAY BENJAMIN ELECTRIC CO LLC,24300,F,1,SBA
N0017823P6703,PRECISE DESIGN ENGINEERING SOLUTIONS LIMITED,24204,F,1,NONE
W912CN23P0043,"TRANSPACIFIC MOVING & STORAGE, LTD.",24100,F,1,SBA
W51AA123F0020,TRITON CONTAINER INTERNATIONAL LIMITED,24072,A,1,
N6264923F0940,"SUMITOMO HEAVY INDUSTRIES, LTD",23949.72,F,1,NONE
W91YTZ23P0118,SUMMIT IMAGING INC,23760,F,1,SBA
SPE7M123V8900,MURRAY BENJAMIN ELECTRIC CO LLC,23670,F,1,SBA
W9114F23P0017,BIO - RAD LABORATORIES GESELLSCHAFT MIT BESCHRAENKTER HAFTUNG,23352.43,A,1,NONE
W51AA124F0014,TRITON CONTAINER INTERNATIONAL LIMITED,23060,A,1,
SPE7L124P0780,YUCA ENERGY LIMITED,22971,F,1,NONE
N6824623F0653,"SUMITOMO HEAVY INDUSTRIES, LTD",22956.71,A,1,NONE
FA523623P3129,NST LOGISTICS COMPANY LIMITED,22613.87,F,1,NONE
SPE7M523P6000,SEMITRONICS CORP,22344.27,F,1,NONE
SPE7MC23V3325,"ELMO MOTION CONTROL, INC",22176,F,1,SBA
HT940623P0025,DOXIMITY INC,22000,F,1,NONE
SPE8E523P1765,MERCEDES TEXTILES LIMITED,21366,F,1,NONE
HT009023FG0610033,GIBTHAI COMPANY LIMITED,21357.16,F,1,NONE
SPE60524P9451,STANHOPE-SETA LIMITED,21260,F,1,NONE
W25G1V23F0038,TRITON CONTAINER INTERNATIONAL LIMITED,21140,A,1,
N6264923F0582,"SUMITOMO HEAVY INDUSTRIES, LTD",21132.1,F,1,NONE
SPE7M223P4538,MURRAY BENJAMIN ELECTRIC CO LLC,21003.54,F,1,SBA
W50S8323F0005,INLAND TECHNOLOGIES INTERNATIONAL LIMITED,21000,F,1,SBA
SPE7M523P6727,YUCA ENERGY LIMITED,20952,F,1,NONE
SPE30224F1SGF,PACIFIC UNLIMITED INC,20657.88,F,1,NONE
SPE8E923P0486,LELAND LIMITED INC,20253.6,F,1,SBA
N0018923P0679,DANDELION STORIES LIMITED COMPANY,20000,F,1,SBA
N0010424PBA41,"WALTRON BULL & ROBERTS, LLC",20000,F,1,SBA
W51AA124F0075,TRITON CONTAINER INTERNATIONAL LIMITED,19910,A,1,
SPE4A721F0257,MARTIN-BAKER AIRCRAFT COMPANY LIMITED,19789.07,F,1,NONE
SPE4A723PG104,W.R. DAVIS ENGINEERING LIMITED,19740,F,1,NONE
W51AA124F0022,TRITON CONTAINER INTERNATIONAL LIMITED,19560,A,1,
N6264923F0583,MARSHALL OF CAMBRIDGE AEROSPACE LIMITED,19500,A,1,
N6824623F0861,"SUMITOMO HEAVY INDUSTRIES, LTD",19414.14,A,1,NONE
W912CN23F0402,"MATHESON TRI-GAS, INC.",19168.2,F,1,NONE
SPE4A723F7484,MARTIN-BAKER AIRCRAFT COMPANY LIMITED,19040.87,F,1,NONE
SPE8ED23P7014,KNDS DEFENCE UK LIMITED,18923.7,F,1,NONE
SPE8ED23P0885,KNDS DEFENCE UK LIMITED,18697.74,F,1,NONE
SPE8ED22P0925,ACROW GLOBAL LIMITED,18549,F,1,NONE
SPE4A723F9676,MARTIN-BAKER AIRCRAFT COMPANY LIMITED,18326.05,F,1,NONE
SPE7M423P1102,MEGGITT (UK) LIMITED,18262.4,F,1,NONE
SPE7M523P3625,TRIDENT MARITIME SYSTEMS UK LIMITED,18227.04,F,1,NONE
N6264923P0036,AAPC JAPAN K.K.,18198.47,F,1,NONE
FA440720P0007,WRGA FIRE TRAINING SOLUTIONS INC.,17999.5,F,1,SBA
SPE4A622PK554,"MRO UNLIMITED, INC",17990,F,1,NONE
SPE4A723P2848,KNDS DEFENCE UK LIMITED,17986.86,F,1,NONE
W25G1V22F0190,TRITON CONTAINER INTERNATIONAL LIMITED,17856,A,1,
N6883623P0255,TOM SMITH FIRE EQUIPMENT CO INC,17707.79,F,1,SDVOSBC
SPE7L323F7624,GOODRICH LIMITED,17628.16,F,1,NONE
SPE8ED23P0106,ACROW GLOBAL LIMITED,17608.05,F,1,NONE
SPE7M123P5106,KNDS DEFENCE UK LIMITED,17368.35,F,1,NONE
N0017323P1229,OCEAN OPTICS INC,17335,A,1,NONE
SPE30223F1LZS,PACIFIC UNLIMITED INC,17333.7,F,1,NONE
N0017321P1066,"SEMITORR GROUP, LLC",17200,F,1,NONE
FA523623P9005,NST LOGISTICS COMPANY LIMITED,17199.47,F,1,NONE
N6824623F0963,"SUMITOMO HEAVY INDUSTRIES, LTD",17030.91,A,1,NONE
HT009023FG0910074,R C M SUPPLIES LIMITED PARTNERSHIP,16883.9,F,1,NONE
SPE8ED23P1034,KNDS DEFENCE UK LIMITED,16853.1,F,1,NONE
W912PQ23F0052,FIRST COLONIE COMPANY LIMITED PARTNERSHIP,16837,F,1,SBA
SPE7L324P1863,AP FILTRATION LIMITED,16834.32,F,1,NONE
N0038323PN066,PROJECTS UNLIMITED INC,16822.24,F,1,NONE
SPE7M823P1835,OXFORD AVIATION LIMITED,16725,F,1,NONE
W912CN20F0282,"HAWAIIAN HOUSEWARES, LIMITED",16651.83,F,1,NONE
FA460024FG012,"WESTEND ENTERPRISES UNLIMITED, INC.",16634.19,A,1,
SPE7L123P9184,YUCA ENERGY LIMITED,16599,F,1,NONE
SPE30223F1J7S,PACIFIC UNLIMITED INC,16591.7,F,1,NONE
N0017323P1537,MEYER AGENCIES LIMITED,16560.86,F,1,NONE
SPE4A723P4753,SUMMIT INSTRUMENT CORP,16350,F,1,NONE
SPE7M523V5156,"MITCHELL AIRCRAFT, LLC",16182,F,1,NONE
FA523623P3125,KIRZ COMPANY LIMITED,16156.25,F,1,NONE
M0031823F0032,TOM SMITH FIRE EQUIPMENT CO INC,15992.67,A,1,
SPE4A723P6727,W.R. DAVIS ENGINEERING LIMITED,15856.05,F,1,NONE
FA483024FG002,"MEMORIES UNLIMITED, INC",15745.06,F,1,NONE
SPE8E623P0844,YUCA ENERGY LIMITED,15625,F,1,NONE
SPE7M523P6071,YUCA ENERGY LIMITED,15625,F,1,NONE
SPE7M523P6070,YUCA ENERGY LIMITED,15625,F,1,NONE
SPE4A724F3734,MARTIN-BAKER AIRCRAFT COMPANY LIMITED,15606.34,F,1,NONE
N6264923P0193,"MITOMO CO., LTD.",15183.81,F,1,NONE
SPE8E523P1754,"UNLIMITED MANUFACTURING SERVICE, INC",15120,F,1,NONE
N0016423PG069,"CABLES UNLIMITED, INC.",15000,F,1,SBA
HT940623P0125,MURPHY-BROWN LLC,15000,F,1,NONE
SPE8ED23P0345,ACROW GLOBAL LIMITED,14953,F,1,NONE
N0010421PNB43,TRIDENT MARITIME SYSTEMS UK LIMITED,14806,F,1,NONE
N6824623F0395,"SUMITOMO HEAVY INDUSTRIES, LTD",14753.67,A,1,NONE
M6700122P1093,"MITSUI SEIKI (U.S.A.), INC.",14632,F,1,NONE
N6264918P0254,MITSUWA SANGYO KK,14606.79,F,1,NONE
N0017423P0050,MURRAY BENJAMIN ELECTRIC CO LLC,14300,F,1,NONE
N4034523F0243,MARUNDA PRIVATE LIMITED,14200,A,1,NONE
SPE4A623P8852,ETON MACHINE COMPANY LIMITED,14076,F,1,SBA
W9114F23P0021,MEDTRONIC GESELLSCHAFT MIT BESCHRAENKTER HAFTUNG,14056.58,F,1,NONE
N0017323P5609,APPLANIX CORP,13990.35,F,1,NONE
SPE7L322F2798,BAE SYSTEMS (OPERATIONS) LIMITED,13967.91,F,1,NONE
W25G1V23F0271,TEXTAINER EQUIPMENT MANAGEMENT (U.S.) LIMITED,13962,A,1,
SPE8ED23P7023,KNDS DEFENCE UK LIMITED,13948.66,F,1,NONE
H9821023F0171,VOX SCRIPTA LIMITED LIABILITY COMPANY,13858.24,F,1,NONE
SPE7M223P4407,MURRAY BENJAMIN ELECTRIC CO LLC,13828.68,F,1,SBA
SPE7L324F0347,MARTIN-BAKER AIRCRAFT COMPANY LIMITED,13736.36,F,1,NONE
W25G1V23F0076,TEXTAINER EQUIPMENT MANAGEMENT (U.S.) LIMITED,13723.8,A,1,
SPE30224F1S0G,PACIFIC UNLIMITED INC,13687.8,F,1,NONE
N6264922F0752,"SUMITOMO HEAVY INDUSTRIES, LTD",13585.33,A,1,NONE
SPE4A623PR828,YUCA ENERGY LIMITED,13440,F,1,NONE
SPMYM424P0092,"MATHESON TRI-GAS, INC.",13398.8,F,1,NONE
N6264923F0695,MARSHALL OF CAMBRIDGE AEROSPACE LIMITED,13375,A,1,
N6264923F0622,MARSHALL OF CAMBRIDGE AEROSPACE LIMITED,13375,A,1,
W25G1V23F0340,TRITON CONTAINER INTERNATIONAL LIMITED,13336,A,1,
SPE4A724F0087,GOODRICH LIMITED,13262.86,F,1,NONE
N0016716P0229,TECHNICAL ABSORBENTS LIMITED,13192.67,F,1,NONE
SPE4A722P8265,TEK PRECISION CO LIMITED,13186.88,F,1,NONE
SPE4A723F7680,MARTIN-BAKER AIRCRAFT COMPANY LIMITED,13130.01,F,1,NONE
W50S8323F0001,INLAND TECHNOLOGIES INTERNATIONAL LIMITED,13125,F,1,SBA
W51AA124F0031,TEXTAINER EQUIPMENT MANAGEMENT (U.S.) LIMITED,12848,A,1,
N6817123FH320,ZIYA GOKSEL DENIZCILIK VE TURIZM SANAYI VE TICARET LIMITED SIRKETI,12800,A,1,
SPE7M022V5521,ACTIVE GEAR COMPANY OF CANADA LIMITED,12296.52,F,1,NONE
W25G1V23F0397,TEXTAINER EQUIPMENT MANAGEMENT (U.S.) LIMITED,12120,A,1,
W51AA123F0081,TRITON CONTAINER INTERNATIONAL LIMITED,12036,A,1,
SPE7M124V1336,"MITCHELL AIRCRAFT, LLC",12012,F,1,SBA
W51AA123F0101,TRITON CONTAINER INTERNATIONAL LIMITED,11924,A,1,
W91QEX22P0031,NEEDHAM'S POINT HOLDING'S LTD,11870.99,F,1,NONE
FA523623P9001,S-3 SERVICES COMPANY LIMITED,11760,F,1,NONE
W25G1V23F0382,TEXTAINER EQUIPMENT MANAGEMENT (U.S.) LIMITED,11524,A,1,
SPE7M523P6995,SEMITRONICS CORP,11474.47,F,1,SBA
SPE8ED23P7020,KNDS DEFENCE UK LIMITED,11473.6,F,1,NONE
W50S8N23P0013,SUMMIT FIRE & SECURITY LLC,11375,F,1,SBA
SPE8E823V1278,ACTIVE GEAR COMPANY OF CANADA LIMITED,11280.63,F,1,NONE
FA527022P0155,NIPPON CATERPILLAR LIMITED LIABILITY COMPANY,11196.87,F,1,NONE
N0042123P0404,SMITHVILLE TELECOM LLC,11178,F,1,SBA
W25G1V23F0152,TRITON CONTAINER INTERNATIONAL LIMITED,11177.16,A,1,
W51AA123F0095,TRITON CONTAINER INTERNATIONAL LIMITED,11158,A,1,
SPE4A722PE416,TEK PRECISION CO LIMITED,11134.69,F,1,NONE
SPE7M324F0001,GOODRICH LIMITED,11079.38,F,1,NONE
SPE7L323P4272,TRIDENT MARITIME SYSTEMS UK LIMITED,11055,F,1,NONE
N0010424PBD11,"A & D ENGINEERING, INC.",11000,F,1,NONE
SPE8ED23P0437,ACROW GLOBAL LIMITED,10836.72,F,1,NONE
SPE7L323F7846,GOODRICH LIMITED,10813.04,F,1,NONE
W912PQ23F0069,FIRST COLONIE COMPANY LIMITED PARTNERSHIP,10673,F,1,SBA
SPE7M423P4025,KNDS DEFENCE UK LIMITED,10609.25,F,1,NONE
SPE7MC23V2387,MURRAY BENJAMIN ELECTRIC CO LLC,10589.95,F,1,NONE
SPE7M523V6096,"MITCHELL AIRCRAFT, LLC",10470,F,1,SBA
N0010423PBU44,OHIO SEMITRONICS INC,10376,F,1,NONE
SPE7L323F6486,MARTIN-BAKER AIRCRAFT COMPANY LIMITED,10356.28,F,1,NONE
SPE4A723P6038,W.R. DAVIS ENGINEERING LIMITED,10332,F,1,NONE
W25G1V23F0299,TRITON CONTAINER INTERNATIONAL LIMITED,10304,A,1,